,song_id,track_uri,track_name,artist,danceability,energy,speechiness,acousticness,instrumentalness,liveness,valence,tempo,kmeans_labels
2,2,spotify:track:70XtWbcVZcpaOddJftMcVi,From the Bottom of My Broken Heart,Britney Spears,0.677,0.665,0.0305,0.56,1.01e-06,0.338,0.706,74.981,9
3,3,spotify:track:1NXUWyPJk5kO6DQJ5t7bDu,Apeman - 2014 Remastered Version,The Kinks,0.683,0.728,0.259,0.568,5.08e-05,0.0384,0.833,75.311,9
21,21,spotify:track:1PWnAEQcbwQwK759otUbta,"Writing's On The Wall - From ""Spectre"" Soundtrack",Sam Smith,0.261,0.302,0.0339,0.769,2.57e-06,0.0863,0.0883,81.418,9
38,38,spotify:track:4pbJqGIASGPr0ZpGpnWkDn,We Will Rock You - Remastered 2011,Queen,0.692,0.497,0.119,0.676,0.0,0.259,0.475,81.308,9
39,39,spotify:track:3Ymi51lilmxnc9eRnfi32D,My Island Home,Warumpi Band,0.488,0.364,0.0321,0.0714,0.0,0.0756,0.544,79.707,9
108,108,spotify:track:5G5S96EyI1Y5g6SpRSHbrb,"I'll Be There (feat. Trey Lorenz) - Live at MTV Unplugged, Kaufman Astoria Studios, New York - March 1992","Mariah Carey, Trey Lorenz",0.216,0.544,0.0431,0.663,0.0,0.882,0.301,75.017,9
127,127,spotify:track:66CFbqJScx6zRieGllITcs,See You Again (feat. Charlie Puth),"Wiz Khalifa, Charlie Puth",0.689,0.481,0.0815,0.369,1.03e-06,0.0649,0.283,80.025,9
133,133,spotify:track:3zByVQLvdXUaDTubfWkpCk,Sweet Caroline,Neil Diamond,0.529,0.127,0.0274,0.611,0.000109,0.237,0.578,63.05,9
137,137,spotify:track:4dVbhS6OiYvFikshyaQaCN,My Hero,Foo Fighters,0.398,0.927,0.0567,6.2e-05,0.000177,0.0575,0.311,77.106,9
192,192,spotify:track:2rtSjGAgCkHL5mKboZMVgD,Free Loop,Daniel Powter,0.6,0.657,0.0336,0.503,0.00013,0.0816,0.678,75.331,9
196,196,spotify:track:77tfHVcjhVnMI9oyL63tWW,Never Be The Same Again - Single Mix,"Melanie C, Lisa ""Left Eye"" Lopes",0.739,0.709,0.068,0.00356,0.0,0.0848,0.558,81.001,9
197,197,spotify:track:4CTX9iU2a0Q9vM2T4YMUQL,Stole,Kelly Rowland,0.649,0.718,0.0594,0.00676,4.26e-06,0.174,0.477,79.993,9
202,202,spotify:track:6lvsJDZ7336YmpBzcNGhbe,fOoL fOr YoU,ZAYN,0.52,0.513,0.0256,0.281,0.0,0.0976,0.17,77.903,9
205,205,spotify:track:2zjDv3FWXNdGEmXmIYf1yV,You Found Me,The Fray,0.366,0.791,0.0423,0.018,0.0,0.153,0.398,76.057,9
215,215,spotify:track:2y4lAQpi5VTNLu2ldeTdUH,We Can't Stop,Miley Cyrus,0.613,0.622,0.0334,0.00882,0.0,0.37,0.484,80.003,9
221,221,spotify:track:3eekarcy7kvN4yt5ZFzltW,HIGHEST IN THE ROOM,Travis Scott,0.598,0.427,0.0317,0.0546,5.83e-06,0.21,0.0605,76.469,9
227,227,spotify:track:753mHSQFnp1jpiYuqU3byN,Stay with Me,Jasmine Thompson,0.404,0.185,0.0512,0.891,0.0,0.103,0.147,75.342,9
241,241,spotify:track:7woW97CfcWaKtuC6W5BP2K,Heal the World,Michael Jackson,0.545,0.485,0.0485,0.537,1.8e-06,0.104,0.101,80.948,9
242,242,spotify:track:5hnGrTBaEsdukpDF6aZg8a,How Do I Say Goodbye,Dean Lewis,0.4,0.641,0.0674,0.214,0.0,0.0656,0.393,81.552,9
274,275,spotify:track:735rjks7kQgWCjTQlIHMuH,Head over Feet - 2015 Remaster,Alanis Morissette,0.482,0.808,0.065,0.0562,0.0,0.202,0.438,79.599,9
281,282,spotify:track:45wUMTmDCuH8VOqG7rDmrH,I'll Be There For You,Bon Jovi,0.429,0.793,0.0353,0.0693,0.0,0.108,0.24,72.985,9
287,288,spotify:track:57460SJgSpCXaRJ9YIYHxy,Going Up The Country,Canned Heat,0.653,0.239,0.0453,0.806,0.0146,0.132,0.765,80.392,9
304,305,spotify:track:5xEM5hIgJ1jjgcEBfpkt2F,Complicated,Avril Lavigne,0.585,0.776,0.0459,0.0572,7.74e-06,0.3,0.427,77.987,9
312,313,spotify:track:5kM3UFOQH6W4KVbv4U8Ozs,Walls,Flowers,0.632,0.631,0.0592,0.000219,3.05e-05,0.162,0.312,79.021,9
322,323,spotify:track:5mkGfmJGFZpwK9nA5amOhv,Sex & Candy,Marcy Playground,0.67,0.558,0.0251,0.238,0.0,0.106,0.63,80.511,9
392,393,spotify:track:5Iml5Ps4qmwYd4qZ6jBnRs,She Makes My Day,Robert Palmer,0.538,0.661,0.0344,0.725,0.0,0.191,0.732,79.963,9
411,412,spotify:track:1OxDEvjPoQrNhZ5c3tTxSu,"Don't Cry For Me Argentina - From ""Evita""","Julie Covington, Andrew Lloyd Webber, Tim Rice",0.235,0.213,0.0339,0.828,5.07e-05,0.113,0.153,70.075,9
444,445,spotify:track:2kONpeXXK70YEs7c0UQbmq,Dancing With The Devil,Demi Lovato,0.413,0.64,0.0427,0.273,0.0,0.11,0.149,75.245,9
446,447,spotify:track:1sEGwuvScFU2uNzlI7Aepy,Kissing a Fool - Remastered,George Michael,0.28,0.384,0.031,0.114,1.33e-06,0.0831,0.143,77.949,9
462,463,spotify:track:2JZKXgq5zsokN01KWyiY6n,Mirrors,Justin Timberlake,0.574,0.512,0.0503,0.234,0.0,0.0946,0.512,76.899,9
502,503,spotify:track:4eHbdreAnSOrDDsFfc4Fpm,I Will Always Love You,Whitney Houston,0.332,0.214,0.0349,0.845,5.62e-06,0.0839,0.11,67.531,9
506,507,spotify:track:0HZhYMZOcUzZKSFwPOti6m,Jar of Hearts,Christina Perri,0.349,0.348,0.0316,0.726,0.0,0.12,0.0886,74.541,9
549,550,spotify:track:3EWl5Rz5VBovgllQsjbn3M,Superstar,Dami Im,0.495,0.373,0.0267,0.764,2.19e-06,0.111,0.172,76.91,9
554,555,spotify:track:0bMRhjlfy6RPryKkYXgg2g,These Days - Two Hands Version,Powderfinger,0.368,0.64,0.0355,0.0256,0.000203,0.0717,0.124,82.347,9
566,567,spotify:track:67Hna13dNDkZvBpTXRIaOJ,Teardrop,Massive Attack,0.615,0.419,0.0395,0.0173,0.497,0.135,0.216,76.997,9
586,587,spotify:track:1hoW9l6bM81yP78Ca902az,Dreamin',Johnny Burnette,0.5,0.46,0.0423,0.482,0.0,0.352,0.759,75.058,9
615,616,spotify:track:7AL6qzIDHIX7pEUWrzNiIs,Hurdy Gurdy Man,Donovan,0.405,0.463,0.0542,0.00379,0.0442,0.392,0.542,79.451,9
631,632,spotify:track:2iRMw9WkPW4JRoiyo63Hp3,To All the Girls I've Loved Before (with Willie Nelson),"Julio Iglesias, Willie Nelson",0.516,0.484,0.0296,0.592,7.77e-06,0.083,0.355,82.304,9
633,634,spotify:track:0r5u9i2GzrqzU2Pv0eIvVq,Superwoman,Alicia Keys,0.553,0.495,0.0364,0.285,0.00359,0.125,0.126,81.068,9
647,648,spotify:track:2Hxu5SgaAVb65ovr2hCIkP,Antmusic - Remastered,Adam & The Ants,0.695,0.806,0.142,0.101,0.00012,0.37,0.635,81.151,9
678,679,spotify:track:1tuc39i6BfB04XeSnUVMgy,Young Emotions - Remastered,"Ricky Nelson, Bob Fisher",0.511,0.222,0.0333,0.371,3.74e-05,0.171,0.398,78.08,9
681,682,spotify:track:2kJwzbxV2ppxnQoYw4GLBZ,If the World Was Ending (feat. Julia Michaels),"JP Saxe, Julia Michaels",0.464,0.473,0.129,0.866,0.0,0.109,0.604,75.801,9
682,683,spotify:track:0LQhKGlQZrR6PRWLUFZfII,"A Little Bit Me, a Little Bit You",The Monkees,0.609,0.818,0.0425,0.114,0.316,0.0999,0.922,78.955,9
700,701,spotify:track:2ph0hzV1kCVhR82E2La4q5,Two Out of Three Ain't Bad,Meat Loaf,0.586,0.48,0.0243,0.385,0.0,0.0947,0.488,79.873,9
719,720,spotify:track:1lCRw5FEZ1gPDNPzy1K4zW,We Are The Champions - Remastered 2011,Queen,0.268,0.459,0.0346,0.378,0.0,0.118,0.175,64.177,9
734,735,spotify:track:2GOZBSkMkbQZQ3Vu1UK3Y2,I Like That,Bazzi,0.671,0.683,0.07,0.161,0.0,0.189,0.7,74.485,9
739,740,spotify:track:5XsMz0YfEaHZE0MTb1aujs,Wake Me Up Before You Go-Go,Wham!,0.618,0.764,0.0562,0.186,0.0,0.12,0.876,81.366,9
749,750,spotify:track:2DWO9x9rhszjJsabuPqp8P,Happy,Leona Lewis,0.492,0.641,0.0448,0.459,0.0,0.0809,0.235,76.07,9
760,761,spotify:track:6DDoFN7yNQmL2YXojqAk8S,L.I.F.E.G.O.E.S.O.N.,Noah And The Whale,0.608,0.745,0.0354,0.205,0.0,0.342,0.595,82.003,9
762,763,spotify:track:0NSeXLBOh16zjbENkAu0P6,Black Dog - 1990 Remaster,Led Zeppelin,0.432,0.848,0.0878,0.274,0.0344,0.233,0.743,81.201,9
814,815,spotify:track:4hObp5bmIJ3PP3cKA9K9GY,Don't Worry Be Happy,Bobby McFerrin,0.675,0.166,0.171,0.88,7.14e-05,0.0461,0.747,68.837,9
822,823,spotify:track:4b8FEPNal2ytaHOjWYQQ22,The Morning After - Single Version,Maureen McGovern,0.402,0.457,0.0274,0.396,0.0,0.8,0.34,80.529,9
871,872,spotify:track:0lNeripGLO9amN6KNYVZpw,22 Steps,Damien Leith,0.523,0.469,0.0253,0.11,0.0,0.172,0.211,77.035,9
873,874,spotify:track:5KONnBIQ9LqCxyeSPin26k,Trumpets,Jason Derulo,0.635,0.691,0.258,0.555,0.0,0.097,0.638,82.142,9
902,903,spotify:track:4tTf4ZJSJeKYTFwkZ1RLH2,Why Won't You Explain,Karen Knowles,0.196,0.288,0.0319,0.79,0.00235,0.0994,0.258,34.999,9
920,921,spotify:track:4uBzDO9wmPEXBKhfwAlMFJ,No Surprises,Radiohead,0.268,0.406,0.0276,0.0495,0.0066,0.113,0.104,76.432,9
929,930,spotify:track:0vnCaQ0QtDnMYI5tVuhZiV,This Love of Mine,Michael Bublé,0.163,0.172,0.0312,0.697,0.000688,0.161,0.107,55.305,9
950,951,spotify:track:7ccI9cStQbQdystvc6TvxD,We Are The Champions - Remastered 2011,Queen,0.268,0.459,0.0346,0.378,0.0,0.119,0.172,64.223,9
960,961,spotify:track:5J1TCBAWhDZ272GLJmxoDY,Eternal Flame,The Bangles,0.518,0.253,0.0245,0.649,0.0,0.0893,0.381,78.907,9
1003,1004,spotify:track:53QhPsIbjSd6mKdNMOTfE5,Last Night,Az Yet,0.618,0.474,0.0238,0.403,0.0,0.0882,0.384,82.036,9
1034,1035,spotify:track:07KHJvlYBeQVqrmifTEqEp,Dream On,Aerosmith,0.412,0.528,0.0259,0.298,5.03e-05,0.332,0.175,79.962,9
1038,1039,spotify:track:6d7PQZtTbHbcYqaygOW7vs,You're the Inspiration - 2009 Remaster,Chicago,0.578,0.606,0.0282,0.377,0.0,0.317,0.357,73.912,9
1046,1047,spotify:track:5bWZd1TOdlA1uOVhP6Vu0e,Take My Hand (The Wedding Song) [feat. Will Anderson],"Emily Hackett, Will Anderson",0.592,0.465,0.0279,0.663,0.000776,0.0918,0.283,75.976,9
1089,1090,spotify:track:1vuxzuOz2FVHuUVPY68rGd,Sukiyaki,4 P.M.,0.363,0.388,0.034,0.749,0.0,0.363,0.348,76.099,9
1090,1091,spotify:track:2PpruBYCo4H7WOBJ7Q2EwM,Hey Ya!,Outkast,0.727,0.974,0.0664,0.103,0.000532,0.174,0.965,79.526,9
1093,1094,spotify:track:0WVTQp3SOCuMr08jh1jweV,Bring It On Home to Me,Sam Cooke,0.523,0.402,0.0305,0.778,0.0,0.432,0.675,70.863,9
1097,1099,spotify:track:2aBxt229cbLDOvtL7Xbb9x,Always Be My Baby,Mariah Carey,0.65,0.531,0.0364,0.457,0.0,0.249,0.487,78.946,9
1104,1106,spotify:track:6XYktvAOFBlDr4TUKHUxPS,Our Winter Love,Bill Pursell,0.434,0.149,0.0282,0.87,0.812,0.0911,0.306,76.455,9
1105,1107,spotify:track:3qT4bUD1MaWpGrTwcvguhb,Black Dog - Remaster,Led Zeppelin,0.437,0.864,0.0904,0.396,0.0314,0.242,0.749,81.394,9
1132,1134,spotify:track:3Uo7WG0vmLQ07WB4BDwy7D,willow,Taylor Swift,0.392,0.579,0.164,0.835,0.00179,0.145,0.549,80.961,9
1140,1142,spotify:track:150xRZE9rtvEPdedbf3y3l,Life Is Worth Living,Justin Bieber,0.558,0.296,0.0427,0.907,0.0,0.108,0.463,76.04,9
1142,1144,spotify:track:6XriyFFLuomM8z2qmKKmpl,In The Still Of The Nite (I'll Remember),Boyz II Men,0.485,0.259,0.0375,0.771,0.0,0.371,0.238,78.158,9
1144,1146,spotify:track:0rTkE0FmT4zT2xL6GXwosU,I Got You (I Feel Good),James Brown & The Famous Flames,0.608,0.471,0.0945,0.446,3.63e-06,0.369,0.682,70.702,9
1154,1156,spotify:track:5Ow9WdJ08ao62tsEz1YaCq,Rehab - Pharoahe Monch Remix,"Amy Winehouse, Pharoahe Monch",0.492,0.728,0.0852,0.133,0.0,0.345,0.749,69.992,9
1191,1194,spotify:track:3Z2tPWiNiIpg8UMMoowHIk,We Are The World,U.S.A. For Africa,0.528,0.447,0.0435,0.189,0.0,0.0745,0.292,72.58,9
1218,1221,spotify:track:39tiEmJyiZnGoNo6u86pLl,A Swingin' Safari,Billy Vaughn,0.536,0.409,0.0978,0.773,0.955,0.0984,0.774,76.611,9
1219,1222,spotify:track:1QJDgtV8L8jCnpM1RIauAp,'Til You Do Me Right,After 7,0.612,0.54,0.0264,0.0781,0.0,0.0763,0.418,76.746,9
1230,1233,spotify:track:2Lhdl74nwwVGOE2Gv35QuK,Cupid's Chokehold / Breakfast in America,Gym Class Heroes,0.72,0.744,0.12,0.237,0.0,0.255,0.619,78.953,9
1239,1242,spotify:track:7795WJLVKJoAyVoOtCWqXN,I'm Not The Only One,Sam Smith,0.677,0.485,0.0361,0.529,2.04e-05,0.0766,0.493,82.001,9
1241,1244,spotify:track:1Slwb6dOYkBlWal1PGtnNg,Thinking out Loud,Ed Sheeran,0.781,0.445,0.0295,0.474,0.0,0.184,0.591,78.998,9
1248,1251,spotify:track:1PDmepvxFGC6jP1GTs7rne,Unbroken,Stan Walker,0.377,0.896,0.123,0.278,0.0,0.139,0.651,74.893,9
1250,1253,spotify:track:30Gd3snWllczPbz2Gd0JMe,Like Toy Soldiers,Eminem,0.52,0.768,0.359,0.0193,0.00034,0.104,0.398,79.178,9
1260,1263,spotify:track:14BH4qO7pgCmIe6mgLKOK3,Someone To You,BANNERS,0.468,0.936,0.0455,0.00568,0.0,0.24,0.663,75.05,9
1267,1270,spotify:track:6Zkq3yk1qrNovJr7YwycAA,Sweet Soul Music,Arthur Conley,0.59,0.659,0.0697,0.104,6.56e-06,0.356,0.965,80.201,9
1272,1275,spotify:track:2MuOQdl7uyEteKYCQtG4XE,I Said Hi,Amy Shark,0.317,0.86,0.132,0.00753,0.0,0.0554,0.352,72.101,9
1286,1289,spotify:track:0iji1rGXWEbJRumLdIpgGt,The World I Know,Collective Soul,0.514,0.704,0.0261,0.0515,0.00219,0.228,0.386,76.975,9
1292,1295,spotify:track:5cYFwgA5dHoqR3xGnlr9ew,I Hope (feat. Charlie Puth),"Gabby Barrett, Charlie Puth",0.563,0.576,0.0401,0.171,0.0,0.158,0.412,75.019,9
1297,1300,spotify:track:1Bk4EBm8pg5BXhPHbxILSd,Moments (feat. Gavin James),"Bliss n Eso, Gavin James",0.661,0.725,0.295,0.388,0.0,0.0993,0.311,82.194,9
1333,1336,spotify:track:6VEcyQiE2bXGaduwVINWHE,Violet Hill,Coldplay,0.33,0.58,0.0374,0.0614,0.00129,0.115,0.11,76.093,9
1349,1352,spotify:track:6LtidZ09rh1n991F8qYPui,What Goes Around...Comes Around - Radio Edit,Justin Timberlake,0.717,0.7,0.0624,0.153,0.000462,0.141,0.499,75.979,9
1392,1395,spotify:track:5znn63OxSBuhiLG5LiB1uv,If I Only Had Time,John Rowles,0.37,0.228,0.034,0.438,4.82e-06,0.112,0.284,81.223,9
1438,1441,spotify:track:3qXrbGbHxebsNXtFXPerG4,Drive Away,The Sundance Kids,0.486,0.766,0.0362,0.000165,0.0,0.0878,0.256,77.502,9
1450,1453,spotify:track:2v1aJMvSWa5KLawWPDU6Pv,Strong,London Grammar,0.486,0.419,0.0355,0.729,3.04e-05,0.077,0.251,76.082,9
1484,1487,spotify:track:1L5tZi0izXsi5Kk5OJf4W0,Rehab,Amy Winehouse,0.434,0.872,0.0702,0.0473,1.83e-06,0.396,0.732,71.515,9
1523,1527,spotify:track:07AjyDeE85pDr4Dj8BzgWB,I'm Shakin',Jack White,0.586,0.781,0.235,0.0142,0.00105,0.0673,0.755,80.753,9
1524,1528,spotify:track:2XPEv2sB6c44DSocT2TwAc,Pony Time,Chubby Checker,0.453,0.609,0.0296,0.00868,3.43e-05,0.0797,0.96,77.36,9
1527,1531,spotify:track:2t77hjgJY4sC9DoX5uaVUD,Don't Give Up,Peter Gabriel,0.671,0.283,0.0508,0.831,0.000818,0.0911,0.331,80.806,9
1549,1553,spotify:track:2si9smgJqjB3aCRpzz6rYE,Everything Has Changed,"Taylor Swift, Ed Sheeran",0.631,0.475,0.0283,0.349,2.57e-06,0.336,0.426,80.029,9
1552,1556,spotify:track:2TDFIFnPOd3LohJhd1acOl,Circles,Birds Of Tokyo,0.452,0.718,0.0294,0.0115,0.00747,0.243,0.223,78.964,9
1560,1564,spotify:track:3Zb7q3OoEbRJIl7cIgW1se,Big World,Conrad Sewell,0.629,0.559,0.0761,0.0839,0.0,0.113,0.457,75.888,9
1595,1600,spotify:track:4BHWe17hBiYtvgBT2KTRv3,Bow Chicka Wow Wow,Mike Posner,0.614,0.648,0.0443,0.408,0.0,0.0523,0.585,73.49,9
1622,1627,spotify:track:37BTh5g05cxBIRYMbw8g2T,Rosanna,TOTO,0.365,0.513,0.0357,0.0208,0.000147,0.205,0.739,80.647,9
1632,1637,spotify:track:5KG3Jt9obEx9s4AN5ToXSh,I Don't Want You Back,Eamon,0.817,0.639,0.0548,0.0991,0.000176,0.0401,0.522,68.511,9
1649,1654,spotify:track:2nVHqZbOGkKWzlcy1aMbE7,Kashmir - 1990 Remaster,Led Zeppelin,0.48,0.536,0.0427,0.488,4.22e-05,0.155,0.581,80.617,9
1654,1659,spotify:track:6Yx181fZzA0YE2EkUsYruq,Big Plans,Why Don't We,0.693,0.604,0.0427,0.0668,0.0,0.114,0.651,75.014,9
1664,1669,spotify:track:2ZvVKaRZzeEdmTrpTrhEvR,Ana's Song (Open Fire),Silverchair,0.395,0.648,0.027,0.0407,8.25e-05,0.0868,0.246,80.286,9
1671,1676,spotify:track:71e9ipM4JVNOa2PpeIU7Yr,Here I Am,Natalie Gauci,0.377,0.453,0.026,0.106,0.000811,0.217,0.228,80.047,9
1678,1683,spotify:track:0kcEK7YuNNfE7jiTnXS1cm,Atlantis,Donovan,0.291,0.313,0.0347,0.177,0.000552,0.0828,0.341,77.893,9
1703,1708,spotify:track:00LfFm08VWeZwB0Zlm24AT,Suga Suga,"Baby Bash, Frankie J",0.662,0.748,0.268,0.688,8.43e-06,0.0841,0.535,82.331,9
1712,1717,spotify:track:1L94M3KIu7QluZe63g64rv,Alive,Pearl Jam,0.284,0.875,0.0422,0.00752,0.000461,0.402,0.595,75.009,9
1726,1731,spotify:track:1dbt3sOwRmUOLfQZSpSz9O,Truly,Lionel Richie,0.366,0.238,0.0381,0.646,1e-05,0.0876,0.131,68.362,9
1730,1735,spotify:track:69WE3fnKao5bHp4zTVoQCn,Walk On The Wild Side,Jimmy Smith,0.379,0.417,0.0391,0.476,0.0816,0.109,0.504,69.016,9
1763,1768,spotify:track:2hKdd3qO7cWr2Jo0Bcs0MA,Drops of Jupiter (Tell Me),Train,0.481,0.638,0.0276,0.153,0.0,0.154,0.497,79.064,9
1783,1788,spotify:track:1jeWrScZZuhw3b55T1fv4O,Tell Him (Duet with Barbra Streisand),"Barbra Streisand, Céline Dion",0.261,0.38,0.0491,0.623,0.0,0.105,0.0793,74.463,9
1788,1793,spotify:track:1XfmLcVCKlRWbivOmgd3pU,Out Of The Blue,Delta Goodrem,0.445,0.71,0.0281,0.197,0.0,0.104,0.238,75.845,9
1803,1808,spotify:track:1W3kOvOTfSRJgrAgeoUczq,He'll Have to Stay,Jeanne Black,0.45,0.0843,0.0406,0.984,7.58e-05,0.133,0.36,81.869,9
1807,1812,spotify:track:6RjKVXi31fui9m4dbiGRrL,I Knew You Were Trouble,Taylor Swift,0.499,0.467,0.0461,0.00593,1.65e-06,0.0361,0.637,76.76,9
1820,1825,spotify:track:4toSP60xmDNCFuXly8ywNZ,Karma Police,Radiohead,0.36,0.505,0.026,0.0626,9.22e-05,0.172,0.317,74.807,9
1826,1831,spotify:track:6DzuDDN9q4N29QXWDuQ8sx,Cats In The Cradle,Ugly Kid Joe,0.399,0.523,0.0361,0.143,0.0,0.0769,0.436,74.836,9
1843,1848,spotify:track:1Quf5Hv5j6az3QavlmZiQG,To Be Human,"Sia, Labrinth",0.437,0.562,0.0403,0.162,1.64e-05,0.0838,0.23,81.884,9
1849,1854,spotify:track:28Y2taEFmHofu2EsU04ILf,Anyone Who Had a Heart - 2003 Remaster,Cilla Black,0.49,0.455,0.0312,0.821,0.257,0.221,0.413,80.371,9
1855,1860,spotify:track:0W1uTK6I97CbjFKAVtRGfK,Too Much Love Will Kill You - Remastered 2011,Queen,0.385,0.395,0.0313,0.58,6.31e-05,0.159,0.21,72.933,9
1873,1878,spotify:track:6CDzDgIUqeDY5g8ujExx2f,Heat Waves,Glass Animals,0.761,0.525,0.0944,0.44,6.7e-06,0.0921,0.531,80.87,9
1874,1879,spotify:track:0AGrARRk7RBP4KqpesAB9e,Universe,Savage Garden,0.568,0.543,0.0344,0.475,1.45e-05,0.158,0.601,81.098,9
1892,1897,spotify:track:2T0AmsZh0aByj3iaJuU7mL,Mousetrap Heart,Thirsty Merc,0.6,0.769,0.0439,0.0316,0.0,0.0655,0.853,79.944,9
1940,1945,spotify:track:4JehYebiI9JE8sR8MisGVb,Halo,Beyoncé,0.508,0.72,0.0628,0.272,0.0,0.0563,0.472,79.983,9
1962,1967,spotify:track:5i9UKSttY3V7x9OnYZsMBX,A Moment Like This,Leona Lewis,0.261,0.562,0.0301,0.423,7.54e-06,0.131,0.167,70.543,9
1985,1990,spotify:track:3yUcJwYu7fXAfqMj9krY6l,Thank You,Dido,0.725,0.583,0.0427,0.3,0.000238,0.0665,0.762,79.984,9
2031,2036,spotify:track:1JLn8RhQzHz3qDqsChcmBl,I Want to Know What Love Is - 1999 Remaster,Foreigner,0.477,0.471,0.0277,0.193,1.76e-06,0.131,0.423,81.204,9
2084,2089,spotify:track:1AhDOtG9vPSOmsWgNW0BEY,Bohemian Rhapsody - Remastered 2011,Queen,0.414,0.404,0.0499,0.271,0.0,0.3,0.224,71.105,9
2087,2092,spotify:track:5Ti9uSxSZUWvmAsLNxkHds,Smiley,Ronnie Burns,0.129,0.677,0.0453,0.271,5.17e-05,0.163,0.309,82.141,9
2088,2093,spotify:track:0Tel1fmuCxEFV6wBLXsEdk,Kiss Me,Ed Sheeran,0.589,0.227,0.0498,0.64,0.00469,0.0248,0.182,74.993,9
2093,2098,spotify:track:4IUYyOxm7ujsmNRdDBqXKu,When I Fall in Love,Rick Astley,0.196,0.123,0.0344,0.76,0.0122,0.0977,0.142,74.448,9
2131,2137,spotify:track:6trn2Smoif7ejl3SyEbBJu,Feel Like Making Love,Bad Company,0.452,0.635,0.0321,0.153,1.45e-06,0.754,0.311,81.825,9
2152,2158,spotify:track:5VPy7NeI6uCRCcZp3VIqsJ,Even When I'm Sleeping,Leonardo's Bride,0.653,0.345,0.0246,0.533,0.0,0.0881,0.416,80.037,9
2157,2163,spotify:track:5Lm8wha7kmEuqyjJ237HNM,Cheers (Drink To That),Rihanna,0.572,0.913,0.0425,0.018,0.0,0.293,0.724,79.986,9
2177,2183,spotify:track:1vla6V0ECMrhz2Xk3VNzlA,In the Summertime,The Mixtures,0.739,0.502,0.0446,0.372,0.0,0.158,0.961,80.911,9
2270,2277,spotify:track:6zmRoCPjIZA9ysAVBYiU9Z,Don't Let Go (Love),En Vogue,0.618,0.688,0.0477,0.409,6.32e-06,0.3,0.561,78.311,9
2276,2283,spotify:track:70YvYr2hGlS01bKRIho1HM,La Grange - 2005 Remaster,ZZ Top,0.545,0.64,0.224,0.00249,0.0304,0.196,0.606,80.544,9
2293,2300,spotify:track:5yvnuEZmDBNH4uEhqdayCS,Sunday Morning Coming Down - Live,Johnny Cash,0.375,0.536,0.0275,0.363,0.000147,0.453,0.807,78.239,9
2299,2306,spotify:track:7ceIquYtiTYlgSSm7PqUf9,Already Gone,Kelly Clarkson,0.209,0.872,0.0757,0.217,0.0,0.0768,0.294,78.139,9
2309,2316,spotify:track:5PuAFxKmqG72uKyoo11zpQ,(You're) Having My Baby,"Paul Anka, Odia Coates",0.596,0.589,0.037,0.551,0.0,0.0897,0.587,75.288,9
2357,2364,spotify:track:5k6lAqY0Nx5kwsZvA6FtGs,Especially for You (duet with Jason Donovan),"Kylie Minogue, Jason Donovan",0.556,0.837,0.0437,0.714,0.0,0.0719,0.41,80.081,9
2392,2399,spotify:track:06TuMCjDEYjTOJScCRzmjf,Don't Let Go (Love),En Vogue,0.618,0.688,0.0477,0.409,6.32e-06,0.3,0.561,78.311,9
2400,2407,spotify:track:78ngw8QaMUDH2vh8kWahMX,Bum Like You,Robyn,0.602,0.582,0.274,0.00689,0.00214,0.0509,0.587,71.355,9
2417,2424,spotify:track:1t3DYiDB0hcz5fFtx3jpYh,Show Me the Way,Brian Cadd,0.351,0.452,0.0258,0.366,1.73e-05,0.113,0.466,81.565,9
2433,2440,spotify:track:4u7EnebtmKWzUH433cf5Qv,Bohemian Rhapsody - Remastered 2011,Queen,0.414,0.404,0.0499,0.271,0.0,0.3,0.224,71.105,9
2451,2458,spotify:track:0NPRq1Ti6JYKOqSyiVYWZT,Back from the Edge,James Arthur,0.486,0.726,0.0539,0.091,0.0,0.122,0.474,73.102,9
2455,2462,spotify:track:4slSrbTK1sNK4I1mDYEthf,Rover (feat. DTG),"S1mba, DTG",0.613,0.624,0.206,0.496,0.0,0.283,0.803,62.948,9
2489,2496,spotify:track:4LddAerqROEdlx1GF1bcVd,The Hippy Hippy Shake,The Swinging Blue Jeans,0.551,0.686,0.0536,0.346,0.0,0.33,0.982,70.959,9
2529,2537,spotify:track:1Ky1qC6Tkqz9PrNHqvHZXS,Be Together (feat. Wild Belle),"Major Lazer, Wild Belle",0.497,0.627,0.0319,0.00142,0.0,0.619,0.193,79.93,9
2552,2560,spotify:track:3AfT3nmctE9nlndrFgshXH,Hurt,Christina Aguilera,0.254,0.285,0.0382,0.769,0.0,0.0997,0.101,74.858,9
2564,2572,spotify:track:3hryyr42qJLxN1xeFS6GRR,Make It To Me,Sam Smith,0.569,0.366,0.0623,0.632,2.6e-06,0.0988,0.241,74.725,9
2566,2574,spotify:track:0K1ddNp1ev0zdik1EzuxkT,Well Hello,Yellowstone And Voice,0.473,0.697,0.03,0.0229,0.0,0.0396,0.894,77.181,9
2567,2575,spotify:track:0Yg9xipP8POqZetnhGh8x6,When You Tell Me That You Love Me (with Diana Ross),"Westlife, Diana Ross",0.532,0.554,0.0301,0.295,0.0,0.3,0.107,74.916,9
2571,2579,spotify:track:12PqS4oWgjhLzQHSKHKFXe,Make It Last,Dada Pop,0.575,0.653,0.0341,0.0111,0.00214,0.175,0.314,81.058,9
2596,2604,spotify:track:5avRRgbMXNwrQ2hJ6fGsLF,See the Sun,Dido,0.527,0.622,0.0297,0.0621,3.89e-05,0.12,0.335,78.003,9
2597,2605,spotify:track:6kvoHl80mfCVTv7XnZkjQn,"It Must Have Been Love - From the Film ""Pretty Woman""",Roxette,0.52,0.652,0.0274,0.34,5.49e-05,0.256,0.722,80.609,9
2619,2629,spotify:track:6D186kBHszfjVVWDsWdUig,Little Me,Little Mix,0.371,0.795,0.0785,0.206,0.0,0.181,0.544,79.837,9
2651,2661,spotify:track:5TAf4lnZCZTLlZHNZMLFLi,I Try,Macy Gray,0.593,0.642,0.0299,0.313,0.000582,0.0804,0.736,76.403,9
2665,2675,spotify:track:7F9vK8hNFMml4GtHsaXui6,Back to You (feat. Bebe Rexha & Digital Farm Animals),"Louis Tomlinson, Bebe Rexha, Digital Farm Animals",0.683,0.53,0.142,0.207,0.0,0.394,0.645,75.016,9
2712,2724,spotify:track:7jDe24vXWUNX8Jl2hZHrIS,High Hopes,Kodaline,0.488,0.487,0.0305,0.577,0.0,0.193,0.219,77.278,9
2721,2733,spotify:track:53fP1JzpjywHdJKx1flKCA,Let’s Go Home Together,"Ella Henderson, Tom Grennan",0.661,0.486,0.0431,0.454,0.0,0.0994,0.309,78.31,9
2784,2796,spotify:track:4upv1CF2L81mccpBlHB7KZ,The Wild One - Single Version,Suzi Quatro,0.392,0.782,0.051,0.00257,0.047,0.151,0.886,75.842,9
2887,2899,spotify:track:4UNRqPzaVVim2E5VN7ICwX,Where The Boys Are,Connie Francis,0.397,0.316,0.0302,0.721,0.0,0.221,0.434,72.483,9
2902,2914,spotify:track:0lx2cLdOt3piJbcaXIV74f,willow,Taylor Swift,0.392,0.574,0.17,0.833,0.00179,0.145,0.529,81.112,9
2950,2962,spotify:track:6vXZs9rEQF7Nd6O8Ue7NrT,Are You Lonesome Tonight,Elvis Presley,0.355,0.0922,0.0515,0.918,0.000702,0.106,0.191,65.952,9
2960,2972,spotify:track:3dFR132gzO8jxD57R2gid3,You Light Up My Life,Debby Boone,0.333,0.367,0.0291,0.831,1.19e-05,0.262,0.0685,77.986,9
3003,3015,spotify:track:0Eqg0CQ7bK3RQIMPw1A7pl,Malibu Nights,LANY,0.559,0.422,0.195,0.701,1.99e-06,0.0853,0.191,74.002,9
3005,3017,spotify:track:1U0ryjeAFtS8EHKyZuFxfh,Saltwater,Julian Lennon,0.199,0.215,0.0285,0.619,1.79e-06,0.112,0.118,67.958,9
3014,3026,spotify:track:3cbLm923IeoVDOMEPOfosc,Vienna,Ultravox,0.583,0.614,0.0643,0.16,0.234,0.109,0.456,80.747,9
3050,3063,spotify:track:1dXcUx5gQ8rkHctSsRnZuH,Pretty Paper,Roy Orbison,0.417,0.279,0.0287,0.722,0.0,0.407,0.453,79.964,9
3061,3074,spotify:track:7pmadO2gKHQTKU2jKhjXyK,Blame It on the Bossa Nova,Eydie Gormé,0.681,0.442,0.0365,0.56,2.13e-05,0.278,0.848,80.171,9
3066,3079,spotify:track:2Qm5DrmotzWvqNM3JlcQYo,Let's Dance,Chris Montez,0.751,0.83,0.0951,0.212,7.94e-06,0.0584,0.935,76.489,9
3071,3084,spotify:track:5zrvcHnDnuYqB3AJiONidX,School Is Out,Gary U.S. Bonds,0.549,0.774,0.0686,0.95,0.000166,0.389,0.965,73.704,9
3088,3101,spotify:track:0LZhlPswR8YgcJV09oQvg9,Forever,The Little Dippers,0.504,0.286,0.0281,0.894,0.783,0.28,0.367,74.219,9
3089,3102,spotify:track:6EMQo2suHaUYZVsbGVTxSZ,Jealous Guy,Roxy Music,0.51,0.622,0.0268,0.0395,0.00532,0.128,0.387,77.663,9
3098,3111,spotify:track:34gCuhDGsG4bRPIf9bb02f,Thinking out Loud,Ed Sheeran,0.781,0.445,0.0295,0.474,0.0,0.184,0.591,78.998,9
3099,3112,spotify:track:54LGxQGf5LPXNGjtzDZ5IE,So Good (feat. Ty Dolla $ign),"Zara Larsson, Ty Dolla $ign",0.726,0.576,0.146,0.085,0.0,0.0458,0.783,82.055,9
3109,3122,spotify:track:0Oc2t0ffBfnFKthTFB87zZ,Fingertips - Original Studio Version,Stevie Wonder,0.521,0.696,0.0285,0.597,4.96e-05,0.367,0.856,79.941,9
3117,3131,spotify:track:0sE9ZTxMxYneIUAEHN4Tg7,The Power of Love,Gabrielle Aplin,0.277,0.291,0.0306,0.901,2.47e-05,0.103,0.175,75.119,9
3122,3136,spotify:track:7B3UAPLYAbwXVgbHSKEaTw,"Beauty and the Beast - from the Soundtrack ""Beauty and the Beast""","Céline Dion, Peabo Bryson",0.463,0.4,0.0308,0.643,2.46e-05,0.131,0.121,77.314,9
3129,3143,spotify:track:6TXnGAr6DLVYshIrMeP0lZ,Route 66,Chuck Berry,0.686,0.692,0.0419,0.902,0.000474,0.104,0.962,79.071,9
3141,3155,spotify:track:1cV2ZlkzRvW3cXkW4mTduE,Fishin' in the Dark,Nitty Gritty Dirt Band,0.771,0.283,0.0444,0.198,0.0,0.0888,0.906,77.756,9
3151,3165,spotify:track:5t4B1kAlCD13YY9poph0Mg,Stitches,Shawn Mendes,0.594,0.754,0.11,0.0153,0.0,0.0486,0.74,73.184,9
3157,3171,spotify:track:2DRRuNEvqE8LeUO6wcE63q,Australiana,Austen Tayshus,0.464,0.984,0.711,0.928,0.0,0.982,0.346,77.745,9
3174,3188,spotify:track:0gcJYi0reGtzqF3WzQHG0I,Dedicated To The One I Love,The Shirelles,0.459,0.191,0.0341,0.8,0.0,0.164,0.537,80.351,9
3187,3201,spotify:track:3IRovqSVYx3CNtDWRebsET,Alive - 2006 Remaster,P.O.D.,0.409,0.952,0.0756,1.23e-05,0.000156,0.31,0.55,80.899,9
3196,3210,spotify:track:3u9fHuAtjMY1RW2mZfO4Cf,Gangsta's Paradise (feat. L.V.),"Coolio, L.V.",0.641,0.63,0.0521,0.0372,0.0,0.4,0.415,79.955,9
3202,3216,spotify:track:1ezKo3T8GMhfj16KKAKzEp,Don't You Love Me Anymore,Joe Cocker,0.407,0.831,0.0328,0.252,2.61e-05,0.101,0.626,81.465,9
3214,3228,spotify:track:6Mfv6JuhcRtWnsABIJU9jv,Comin' Home,The Radiators,0.624,0.797,0.168,0.00308,0.0,0.0763,0.515,82.328,9
3220,3234,spotify:track:4M0m4FUdc4wD2guhUHogLF,Sharing The Night Together,Dr. Hook,0.619,0.686,0.0615,0.644,0.0,0.0996,0.757,76.923,9
3243,3257,spotify:track:02kqNEFXbcFg22pyvUyjmI,Careless Whisper - Remastered,George Michael,0.596,0.641,0.0336,0.138,0.0,0.318,0.792,76.59,9
3249,3263,spotify:track:3ebYtLVuV4HzEZUDcpZB9p,Lovin' You,Minnie Riperton,0.387,0.164,0.085,0.962,0.0,0.0817,0.409,72.029,9
3260,3274,spotify:track:0bS8xXUFf2TIFzPOfCjFai,Kosciusko - Remastered Version,Midnight Oil,0.573,0.923,0.0393,0.0144,0.00473,0.125,0.536,81.107,9
3276,3290,spotify:track:6GWAYg3cZzizs3FAJzdydD,Because I Love You (The Postman Song),Stevie B,0.22,0.339,0.037,0.812,0.0,0.139,0.0887,61.764,9
3283,3297,spotify:track:5l1DRutSEVtp52WxzGg90J,Almost Here (Duet with Brian McFadden) (with Brian McFadden),"Delta Goodrem, Brian McFadden",0.565,0.471,0.0321,0.4,0.0,0.122,0.29,78.004,9
3377,3391,spotify:track:4lfEolyFEWQ2u3XAOUkFuD,Father And Son - New Steve Mac with Strings,"Ronan Keating, Yusuf",0.534,0.521,0.0308,0.455,0.0,0.105,0.355,71.994,9
3380,3394,spotify:track:2OuNgtXKeCSORKqdl0MxKk,Chasing Pavements,Adele,0.614,0.47,0.0255,0.291,0.0,0.111,0.329,80.045,9
3399,3413,spotify:track:0L4YCNRfXAoTvdpWeH2RGj,Begin Again,Taylor Swift,0.53,0.526,0.0263,0.199,3.52e-06,0.232,0.323,79.025,9
3407,3421,spotify:track:0W4Kpfp1w2xkY3PrV714B7,Ho Hey,The Lumineers,0.685,0.466,0.0304,0.794,2.06e-06,0.0915,0.353,79.936,9
3423,3437,spotify:track:1RQnYh2xw2BPpnzQFbO5r5,Too Much,Spice Girls,0.333,0.631,0.0461,0.484,0.0,0.332,0.342,80.14,9
3449,3463,spotify:track:79NlESqzFSW0hdBWgls4FX,Praying,Kesha,0.565,0.381,0.0302,0.48,0.0,0.109,0.325,73.483,9
3453,3467,spotify:track:3PPVHus0QPb4EzHZxAuqsu,Good Times,The Easybeats,0.55,0.934,0.0885,0.231,0.197,0.289,0.793,81.538,9
3459,3473,spotify:track:4xgr7lz98nn7fmd3Rie1BQ,I'll Stand By You (Glee Cast Version),Glee Cast,0.395,0.601,0.0292,0.334,0.00159,0.224,0.129,67.051,9
3479,3493,spotify:track:5ggEwPI1l0xbljbJ5CWaHD,Don't Break The Heart That Loves You,Connie Francis,0.379,0.37,0.0327,0.811,0.0,0.325,0.214,73.36,9
3498,3512,spotify:track:5MVujPUg2LtLSnyaYxr1GV,Calcutta,Lawrence Welk,0.376,0.629,0.0303,0.729,0.86,0.609,0.884,81.677,9
3522,3536,spotify:track:3ZxhEGcEmCuwyBzwqCa7oW,End Of The Road,Boyz II Men,0.561,0.579,0.0243,0.0343,0.0,0.0673,0.55,74.822,9
3542,3557,spotify:track:6ZqhUFyKgHyY5zPDq4cklv,Hats Off To Larry,Del Shannon with Orchestra,0.497,0.528,0.043,0.711,2.74e-06,0.269,0.638,80.048,9
3543,3558,spotify:track:60HDLY1Dh2Hy9wTVI3WPzO,Every Little Thing She Does Is Magic - Remastered 2003,The Police,0.558,0.768,0.0343,0.121,0.0626,0.128,0.429,81.909,9
3588,3603,spotify:track:3H3r2nKWa3Yk5gt8xgmsEt,This City,Sam Fischer,0.605,0.377,0.0443,0.733,0.0,0.0808,0.519,73.877,9
3625,3640,spotify:track:2eJ8ij1T3cNUKiGdcUvKhy,Baby,"Justin Bieber, Ludacris",0.73,0.848,0.101,0.0494,0.0,0.133,0.559,65.025,9
3636,3651,spotify:track:54flyrjcdnQdco7300avMJ,We Will Rock You - Remastered 2011,Queen,0.693,0.497,0.119,0.679,0.0,0.258,0.473,81.308,9
3649,3664,spotify:track:23OtRgjYavgOHteRMffcPs,Blue Velvet,Bobby Vinton,0.38,0.2,0.0296,0.789,1.45e-06,0.176,0.241,80.188,9
3654,3669,spotify:track:0dzbfio3qTYG9uk40SJNcr,The 59th Street Bridge Song (Feelin' Groovy),Simon & Garfunkel,0.467,0.431,0.0439,0.564,7.7e-06,0.0727,0.577,75.74,9
3678,3693,spotify:track:6j6bTAiW0oEfLlAjmRNcbb,Little Wonders,Rob Thomas,0.163,0.616,0.044,0.0286,0.0,0.0826,0.33,81.993,9
3729,3744,spotify:track:1BrbXIJ7b161oQ0PfC0K32,Woman - Remastered 2010,John Lennon,0.588,0.656,0.0224,0.378,0.00227,0.042,0.746,79.701,9
3744,3759,spotify:track:70cKcH1aK78mUJ2BlsGZ4h,Come Out And Play (Keep 'Em Separated) - Live,The Offspring,0.435,0.953,0.0838,0.0148,0.000137,0.436,0.849,80.556,9
3784,3799,spotify:track:3FUnoNtMGU9XjEKFmgXIR4,Reunited,"Toni Braxton, Babyface",0.641,0.609,0.0285,0.143,0.0,0.0523,0.358,80.02,9
3829,3845,spotify:track:3G7tRC24Uh09Hmp1KZ7LQ2,I'm a Believer - 2006 Remaster,The Monkees,0.526,0.775,0.0352,0.707,2.05e-05,0.217,0.962,80.106,9
3838,3854,spotify:track:0ikz6tENMONtK6qGkOrU3c,Wake Me Up Before You Go-Go,Wham!,0.62,0.573,0.0423,0.271,0.0,0.0607,0.897,81.548,9
3851,3867,spotify:track:2qJNqOUnzLPl46bsRTJiKT,The Lady In Red,Chris de Burgh,0.563,0.44,0.0283,0.257,5.63e-06,0.0395,0.508,76.615,9
3853,3869,spotify:track:41Al942aUUeiSFlIsiWRa2,"Julie, Do Ya Love Me",Bobby Sherman,0.425,0.41,0.0341,0.507,2.18e-06,0.3,0.664,82.177,9
3885,3901,spotify:track:6sIXG1mxHIAAk3mW5meJZG,Reckless (Don't Be So...) - Remastered,Australian Crawl,0.699,0.37,0.0369,0.195,3.27e-05,0.0591,0.222,60.197,9
3916,3932,spotify:track:71RVcxj9HH4r6bkxG7spaQ,Never Be the Same,Jessica Mauboy,0.456,0.95,0.137,0.03,0.0,0.0859,0.361,78.458,9
3927,3944,spotify:track:0WILwgVyv5RU9oOUpw3y5P,Remind Me,Conrad Sewell,0.605,0.645,0.0397,0.236,0.0,0.0917,0.15,76.956,9
3946,3963,spotify:track:3BrmZp9bjwjwAva5rCgW87,You Give Me Something,James Morrison,0.559,0.691,0.121,0.214,0.0,0.0855,0.569,79.741,9
3972,3989,spotify:track:3AuvUUnomjofL2uO02a2fV,Ready to Fly,Amy Pearson,0.392,0.483,0.03,0.386,1.18e-06,0.0838,0.231,71.117,9
3984,4001,spotify:track:6kTakcO9wwXh8tEqmJSV8h,"How Come, How Long (feat. Stevie Wonder)","Babyface, Stevie Wonder",0.636,0.555,0.0264,0.0141,3e-06,0.0966,0.289,80.912,9
4004,4021,spotify:track:2uTGX4wxnRGS3i0FSOMGCQ,Three Times A Lady,Commodores,0.487,0.094,0.0274,0.834,0.000224,0.172,0.0788,74.857,9
4008,4025,spotify:track:6l8EbYRtQMgKOyc1gcDHF9,Bridge Over Troubled Water,Simon & Garfunkel,0.149,0.206,0.0323,0.822,0.000649,0.115,0.264,79.764,9
4015,4032,spotify:track:3DXncPQOG4VBw3QHh3S817,"I'm the One (feat. Justin Bieber, Quavo, Chance the Rapper & Lil Wayne)","DJ Khaled, Justin Bieber, Quavo, Chance the Rapper, Lil Wayne",0.609,0.668,0.0367,0.0552,0.0,0.167,0.811,80.924,9
4041,4058,spotify:track:6XP7XXKLlBQ2xDib64Hycd,This Time,Troy Shondell,0.389,0.36,0.0279,0.766,0.0,0.48,0.439,81.869,9
4057,4074,spotify:track:0GQqQ7dA7B4mcEktSZaOUp,as long as you care,Ruel,0.55,0.591,0.0377,0.00692,0.0,0.11,0.308,78.68,9
4059,4076,spotify:track:3vZMkLS1jP7NdNhzqGfUSW,Ben - Single Version,Michael Jackson,0.464,0.132,0.0283,0.81,1.16e-05,0.0994,0.303,68.152,9
4077,4094,spotify:track:2e7Ek1y84iMzo1vL2djgvq,High Hopes - Live,Pink Floyd,0.454,0.374,0.0257,0.518,0.0104,0.944,0.157,75.113,9
4107,4124,spotify:track:5I3hQNKjCwalENrab1SBtt,Walking To New Orleans - Remastered,Fats Domino,0.606,0.344,0.0403,0.782,0.0,0.132,0.517,80.829,9
4126,4143,spotify:track:6GGZSgEo4RDOzyXnkMFbvD,Monterey,Eric Burdon & the Animals,0.487,0.557,0.071,0.763,0.0852,0.211,0.643,80.732,9
4174,4191,spotify:track:1GNXKxf8dip6vPukn0R5lP,I Am Pegasus,Ross Ryan,0.34,0.557,0.0342,0.0994,0.0,0.49,0.756,73.336,9
4231,4248,spotify:track:5WQ1hIc5d2EVbRQ8qsj8Uh,Hey Ya! - Radio Mix / Club Mix,Outkast,0.719,0.967,0.0552,0.0588,0.000249,0.206,0.964,79.505,9
4238,4255,spotify:track:442j8VxaB60dWf9cBFuX5w,Almost Is Never Enough,"Ariana Grande, Nathan Sykes",0.324,0.327,0.0409,0.825,0.0,0.101,0.334,81.328,9
4261,4278,spotify:track:49VAfcwX7Nwe6wfYKJgFzd,Finally Found,Honeyz,0.639,0.502,0.0435,0.507,3.95e-06,0.188,0.735,73.865,9
4272,4289,spotify:track:1I3ZtkoM19zN8cV62XpbwW,The Greatest View,Silverchair,0.318,0.787,0.0329,9e-05,5.97e-05,0.163,0.347,79.159,9
4280,4297,spotify:track:4WtosLGq96T9gboM0xTkgR,Sixteen Reasons,Connie Stevens,0.311,0.389,0.0307,0.839,1.35e-05,0.111,0.661,72.558,9
4311,4328,spotify:track:4XMRt4xFqLzGs4wDKkSSeu,Give Me Love (Give Me Peace On Earth),George Harrison,0.373,0.57,0.0441,0.497,0.0124,0.128,0.631,81.28,9
4320,4337,spotify:track:1jy0RbDHyBMTupSdc98XbG,How Can You Mend A Broken Heart,Bee Gees,0.335,0.262,0.0393,0.548,0.0,0.0971,0.203,68.82,9
4325,4342,spotify:track:3H7QXM59ubkX9yyKD1fEwK,Ebony And Ivory,Paul McCartney,0.633,0.519,0.0317,0.144,0.0,0.105,0.823,80.703,9
4348,4365,spotify:track:6CTWathupIiDs7U4InHnDA,Trip,Ella Mai,0.477,0.61,0.144,0.225,0.0,0.107,0.358,79.882,9
4359,4376,spotify:track:2JzZzZUQj3Qff7wapcbKjc,See You Again (feat. Charlie Puth),"Wiz Khalifa, Charlie Puth",0.689,0.481,0.0815,0.369,1.03e-06,0.0649,0.283,80.025,9
4390,4407,spotify:track:2Z8WuEywRWYTKe1NybPQEW,Ride,Twenty One Pilots,0.645,0.713,0.0393,0.00835,0.0,0.113,0.566,74.989,9
4404,4421,spotify:track:6QLO02TAXSUqgk0wNXywuz,Come On Over,Shania Twain,0.618,0.92,0.0457,0.112,0.0,0.691,0.966,76.512,9
4409,4426,spotify:track:24fQpRwKFkC3Fe8QtvvrNw,Back for Good - Radio Mix,Take That,0.601,0.504,0.0284,0.31,0.0,0.137,0.564,78.986,9
4416,4433,spotify:track:3fHNjvF6AU1LXVez0wnFvw,Lost Cause,Billie Eilish,0.642,0.33,0.262,0.713,0.00728,0.0577,0.523,74.974,9
4420,4437,spotify:track:1oht5GevPN9t1T3kG1m1GO,Fire and Rain - 2019 Remaster,James Taylor,0.597,0.271,0.0394,0.766,0.0119,0.0933,0.338,76.271,9
4433,4450,spotify:track:5hxuBWWmk9cGM1p8vrJ8bP,Loud Like Love,Placebo,0.403,0.94,0.0605,0.000171,5.32e-06,0.121,0.356,76.503,9
4448,4465,spotify:track:6f5sSC3ORfpUMYtE4J06VW,He Ain't Heavy He's My Brother,The Hollies,0.319,0.275,0.0303,0.444,0.000365,0.183,0.253,75.754,9
4473,4490,spotify:track:3aXuXjIXG5B2jtlsWKLd1l,Everybody's Got To Learn Sometime,The Korgis,0.369,0.238,0.0269,0.554,0.0425,0.125,0.0578,73.899,9
4496,4513,spotify:track:5zqObw7wjBgL9TDiAymxPn,Our Song,"Anne-Marie, Niall Horan",0.595,0.759,0.0423,0.141,0.0,0.172,0.515,80.953,9
4503,4520,spotify:track:3SPcBPzvbmWLl8NU5efx4W,Telephone Line,Electric Light Orchestra,0.467,0.367,0.0298,0.771,2.27e-05,0.0847,0.205,70.856,9
4530,4547,spotify:track:53968oKecrFxkErocab2Al,November Rain,Guns N' Roses,0.197,0.629,0.03,0.0165,0.279,0.125,0.221,79.495,9
4533,4550,spotify:track:7vqubB6rY1NpGVGpHYobbQ,Without You,Harry Nilsson,0.441,0.212,0.0287,0.556,5.52e-06,0.0578,0.124,65.311,9
4593,4610,spotify:track:2IqkGWpNk5Z6AotRLwHkEp,What You Got - What U Got,Abs Breen,0.685,0.841,0.114,0.0254,1.51e-06,0.31,0.813,82.008,9
4595,4612,spotify:track:1r9xUipOqoNwggBpENDsvJ,Enemy (with JID) - from the series Arcane League of Legends,"Imagine Dragons, JID, Arcane, League of Legends",0.728,0.783,0.266,0.237,0.0,0.434,0.555,77.011,9
4604,4621,spotify:track:56GbZVwxMdf1DENCluYS8A,Don't Dream It's Over,Crowded House,0.451,0.752,0.0412,0.00939,0.000202,0.0844,0.358,81.917,9
4612,4629,spotify:track:07PIhdmyYIw8dMeDMsx9FU,Words,Bee Gees,0.259,0.289,0.0285,0.14,0.0,0.162,0.246,80.326,9
4638,4655,spotify:track:3G2KQpiCXFYqYlUVVskqqr,Barbara Ann (Mono),The Beach Boys,0.537,0.54,0.0506,0.124,0.0,0.804,0.82,77.817,9
4640,4657,spotify:track:3lKZf71jeNi14udIFPJ29V,I Knew You Were Trouble.,Taylor Swift,0.622,0.469,0.0363,0.00454,2.25e-06,0.0335,0.679,77.019,9
4643,4660,spotify:track:6eYbHXkYM5m3Eg6WJzU3NW,Good Lord,Birds Of Tokyo,0.578,0.696,0.0392,0.00615,0.0,0.346,0.226,78.012,9
4650,4667,spotify:track:770bUE65sXIhYuLNGm4CIL,Love Letters,Ketty Lester,0.567,0.218,0.0328,0.766,0.605,0.179,0.271,64.412,9
4711,4728,spotify:track:0LTbEzpuUCelZi8VgZ8MUh,My Heart Has A Mind Of Its Own,Connie Francis,0.397,0.576,0.0389,0.742,1.67e-06,0.31,0.754,54.282,9
4715,4732,spotify:track:4dlUnqyUXcte12KxvnyV4R,Double Barrel,Dave & Ansell Collins,0.791,0.619,0.0777,0.195,0.000817,0.137,0.828,80.753,9
4721,4738,spotify:track:5vk9PL1tTyWrQY3TqRq2Rg,Patches,Clarence Carter,0.639,0.544,0.141,0.617,0.0,0.479,0.793,80.844,9
4728,4745,spotify:track:1bdlSRsfxwDQ8H9TUQ81BJ,Wide Open Road,The Triffids,0.54,0.695,0.0427,0.102,0.259,0.0958,0.572,80.956,9
4736,4753,spotify:track:6qB7YcFpeBEQa0D6QO482y,"It Must Have Been Love - From the Film ""Pretty Woman""",Roxette,0.52,0.652,0.0274,0.34,5.49e-05,0.256,0.722,80.609,9
4775,4793,spotify:track:5tOjRq5shlEdm15nmJBq7Z,Out Of My Head,Fastball,0.531,0.658,0.0382,0.412,0.00272,0.16,0.461,78.896,9
4797,4815,spotify:track:1dGr1c8CrMLDpV6mPbImSI,Lover,Taylor Swift,0.359,0.543,0.0919,0.492,1.58e-05,0.118,0.453,68.534,9
4833,4851,spotify:track:0jdny0dhgjUwoIp5GkqEaA,Praying,Kesha,0.543,0.39,0.0322,0.489,0.0,0.111,0.303,73.415,9
4842,4860,spotify:track:34xZFT7artr3SGqgSoR88L,Complicated,Avril Lavigne,0.582,0.758,0.0464,0.0615,8.41e-06,0.309,0.413,77.982,9
4853,4871,spotify:track:366wRPrx2airjcCRkxgoS2,Surrender,Elvis Presley,0.38,0.638,0.0504,0.75,0.0,0.258,0.749,79.125,9
4877,4896,spotify:track:6e6ag4qyhhn8JRF1xmMJYR,"Beauty and the Beast - From ""Beauty and the Beast""","Ariana Grande, John Legend",0.497,0.547,0.0277,0.157,0.0,0.101,0.241,81.425,9
4899,4918,spotify:track:7LP4Es66zdY7CyjepqmvAg,Down,"Jay Sean, Lil Wayne",0.657,0.695,0.0321,0.0108,0.0,0.0822,0.683,65.997,9
4915,4934,spotify:track:4P6IttK2PRBjyr3fm0pP7t,Past Life (with Selena Gomez),"Trevor Daniel, Selena Gomez",0.612,0.539,0.0488,0.104,0.0,0.18,0.294,79.948,9
4918,4937,spotify:track:4LOgi2TAAoKU9ImfzRrCPO,Heaven,Bryan Adams,0.269,0.572,0.0278,0.059,1.3e-06,0.123,0.364,69.83,9
4980,4999,spotify:track:3XEaBMzr9GjUJrHjKUF5lA,Every Woman In The World,Air Supply,0.465,0.408,0.0334,0.318,0.0,0.255,0.371,78.965,9
4991,5010,spotify:track:5UnqU47OSB8LBahj0jtjrR,Another Way to Die,"Jack White, Alicia Keys",0.541,0.772,0.136,0.0382,8.48e-05,0.0796,0.43,71.201,9
4995,5014,spotify:track:0RVeadY2MbHz4Pe4MreLNw,Rocket,Def Leppard,0.521,0.916,0.0467,0.000249,0.00116,0.948,0.398,81.998,9
5031,5050,spotify:track:60IP24D2UJvLuRhwQuUEnM,Linger (feat. Lupe Fiasco),"Guy Sebastian, Lupe Fiasco",0.667,0.628,0.0564,0.0284,0.0,0.0339,0.285,76.0,9
5076,5096,spotify:track:4Bza6algEDbY8yrm8qMeg7,She's All I Ever Had,Ricky Martin,0.393,0.765,0.0481,0.0172,0.0,0.227,0.274,81.088,9
5117,5137,spotify:track:7jw0hu5zFqCTCznb01TpBU,"Closer - Original Song from the TV Series ""The Secret Daughter""",Jessica Mauboy,0.549,0.654,0.0359,0.107,0.0,0.316,0.3,77.457,9
5118,5138,spotify:track:1rqqCSm0Qe4I9rUvWncaom,High Hopes,Panic! At The Disco,0.579,0.904,0.0618,0.193,0.0,0.064,0.681,82.014,9
5174,5194,spotify:track:248OFOZef6ShXv6DGgbnxU,Saved,Khalid,0.739,0.448,0.138,0.189,0.0,0.118,0.553,81.044,9
5177,5197,spotify:track:1XZa6MDzWqCTeNATvtxzZY,Hey Ya!,Outkast,0.744,0.916,0.0563,0.0354,0.0,0.253,0.966,79.456,9
5228,5248,spotify:track:4fUSETqk4cKrV3CeHIBtfa,Let It Burn,Jazmine Sullivan,0.56,0.561,0.039,0.262,0.0,0.112,0.458,78.986,9
5242,5262,spotify:track:6OfAaE2skMyNtZtzhlpA5q,Feelings,Morris Albert,0.392,0.383,0.0267,0.415,3.23e-06,0.126,0.216,80.472,9
5252,5272,spotify:track:2MA3h5MsIglWsU5tVZ2jJD,I Really Don't Want to Know,Elvis Presley,0.297,0.337,0.034,0.679,0.106,0.136,0.328,78.405,9
5257,5277,spotify:track:6HMvJcdw6qLsyV1b5x29sa,Hello,Lionel Richie,0.424,0.222,0.0391,0.646,0.0,0.148,0.0606,61.648,9
5288,5308,spotify:track:6BoueSxgJU2heOvYVDTBuk,I Do (Cherish You),98º,0.573,0.431,0.0362,0.613,0.0,0.27,0.28,81.013,9
5303,5323,spotify:track:4Y60HlGcUXIsHzVmdKKKBu,Basin Street Blues,Dómisol Sisters,0.53,0.17,0.0448,0.903,5.56e-05,0.0944,0.506,79.734,9
5317,5337,spotify:track:5d4E1hgkLyb7sXr5J3InnM,You Needed Me,Anne Murray,0.497,0.296,0.0302,0.431,0.0,0.106,0.171,62.204,9
5331,5351,spotify:track:2TtUTMm65xZeqmF721Txfk,Don't Expect Me to Be Your Friend,Lobo,0.513,0.347,0.029,0.273,0.0417,0.0805,0.52,78.811,9
5336,5356,spotify:track:4ZfpHQ2mkA4HYZtVWBfOCK,Set In Stone,Guy Sebastian,0.487,0.295,0.0308,0.567,1.27e-05,0.102,0.0709,78.122,9
5348,5368,spotify:track:3TRFq09DUgYj1mug6RRqJW,Lot to Learn,Luke Christopher,0.405,0.846,0.195,0.0948,0.0,0.0666,0.602,82.232,9
5362,5382,spotify:track:66s45uMhk7Y4z0xUgESdm3,Unwell - 2007 Remaster,Matchbox Twenty,0.442,0.793,0.0347,0.0456,0.0,0.328,0.437,80.985,9
5378,5398,spotify:track:6J2LdBN97cDWn0MLxYh9HB,July,Noah Cyrus,0.708,0.186,0.042,0.868,0.0,0.0779,0.322,72.541,9
5411,5431,spotify:track:4KtrE35pTuqwNc22QP58RT,Drop the Game,"Flume, Chet Faker",0.559,0.67,0.0474,0.592,0.000184,0.171,0.438,78.957,9
5421,5441,spotify:track:77aOp6RlPq5PnqewZ1akVh,Wonderland by Night (Wunderland bei Nacht),Bert Kaempfert,0.261,0.19,0.03,0.956,0.796,0.163,0.176,79.845,9
5428,5448,spotify:track:1sUTfgduT0WIQO8kXKXxLC,"Blaze Of Glory - From ""Young Guns II"" Soundtrack",Jon Bon Jovi,0.55,0.618,0.0307,0.0564,2.62e-05,0.0937,0.429,78.61,9
5459,5479,spotify:track:4tsN44eY9zuBDPEyGTWO3Q,I Can't Stop Loving You,Ray Charles,0.311,0.327,0.0349,0.785,0.0,0.295,0.359,79.326,9
5481,5501,spotify:track:4tyrRF6QhW7muNqwwXzLfp,Stay,Ronan Keating,0.618,0.37,0.0362,0.748,0.0,0.133,0.31,69.991,9
5502,5522,spotify:track:71CXzHYYOyNqgtVFpNdeCS,I'd Love You to Want Me,Lobo,0.431,0.543,0.0394,0.122,0.000123,0.0598,0.44,77.507,9
5509,5529,spotify:track:39HGBiY1Q2jMqDP1eY30V4,The Drugs Don't Work - Remastered 2004,The Verve,0.443,0.537,0.0259,0.206,0.0,0.132,0.194,77.46,9
5515,5535,spotify:track:0APYlBDN2CGNzXzKbzYlE7,The Greatest Show,Panic! At The Disco,0.546,0.839,0.0784,0.00546,0.0,0.382,0.491,77.009,9
5525,5545,spotify:track:7gtcp27cze07lru5sRcV4o,All I Ask Of You,"Sarah Brightman, Cliff Richard",0.209,0.247,0.0357,0.938,0.000834,0.11,0.204,82.354,9
5578,5599,spotify:track:7Aa1CtEVpPZ3VesEk7Z2Zc,Needle In A Haystack,The Twilights,0.631,0.812,0.0426,0.0764,2.88e-06,0.0693,0.939,82.329,9
5611,5632,spotify:track:7gLqsrsyEC4iJuQQEArjbP,Green,Alex Lloyd,0.402,0.647,0.0273,0.00299,0.0,0.13,0.363,79.941,9
5614,5635,spotify:track:4j7VcUsaYMeqe5lJ9gYyW7,This Guy's In Love (With You),The Reels,0.696,0.293,0.0324,0.668,0.000367,0.109,0.226,66.589,9
5618,5639,spotify:track:0dkL8m14x0wecbq04QfBKs,Fanfare for the Common Man - Single Edit,"Emerson\, Lake & Palmer",0.376,0.439,0.0313,0.415,0.832,0.132,0.262,74.461,9
5665,5686,spotify:track:58s4iqgXFzXhBndBkg2AaD,Spend My Life With You,"Eric Benét, Tamia, Kevin ""K.D."" Davis",0.583,0.435,0.0386,0.434,5.49e-05,0.102,0.292,72.01,9
5685,5706,spotify:track:2XWmbwp9FBAaFcSE9BLQzc,Help Me Make It Through The Night,Sammi Smith,0.559,0.35,0.0245,0.605,0.000443,0.102,0.413,78.035,9
5704,5725,spotify:track:7kyGvcO92A4qsfTib9soLV,If Tomorrow Never Comes,Ronan Keating,0.56,0.485,0.0272,0.359,0.0,0.0953,0.29,79.03,9
5721,5742,spotify:track:5UBtMSch1aLKlsgDz54Wfy,This Is My Song,Petula Clark,0.179,0.39,0.0336,0.725,0.0,0.13,0.399,65.921,9
5752,5773,spotify:track:2DjWsDGgL1xNbhnr7f6t5F,Baby Can I Hold You,Tracy Chapman,0.692,0.422,0.0333,0.0811,0.0,0.0848,0.468,74.375,9
5755,5776,spotify:track:3oYbe2YVDCOaHhtzY7JEHs,I'm Ready,AJR,0.601,0.877,0.106,0.0108,0.0,0.31,0.598,77.969,9
5757,5778,spotify:track:2jrsywnNPJiJRIP2u21hmD,Russian Roulette,Rihanna,0.39,0.473,0.0485,0.0492,0.0,0.115,0.293,77.277,9
5784,5805,spotify:track:4lAYMPLPFOovwTCmtTt9b5,I'm A Believer,Smash Mouth,0.549,0.981,0.059,0.0178,1.8e-06,0.438,0.873,82.331,9
5818,5839,spotify:track:4DYp1pEg6ebDJkChzvxjOi,The Legend Of Xanadu,"Dave Dee\, Dozy\, Beaky\, Mick & Tich",0.403,0.902,0.0498,0.0121,0.00857,0.0975,0.691,76.706,9
5845,5866,spotify:track:24mZHxxTvEpNUAmcY1o9vw,Joanne,"Michael Nesmith, The First National Band",0.408,0.28,0.0302,0.846,0.0,0.64,0.466,71.544,9
5850,5871,spotify:track:1jYiIOC5d6soxkJP81fxq2,"I'm the One (feat. Justin Bieber, Quavo, Chance the Rapper & Lil Wayne)","DJ Khaled, Justin Bieber, Quavo, Chance the Rapper, Lil Wayne",0.599,0.667,0.0367,0.0533,0.0,0.134,0.817,80.984,9
5861,5882,spotify:track:2inb1KNU2bGIkldLsuDb83,Crying In the Chapel,Elvis Presley,0.255,0.193,0.0363,0.948,7.09e-06,0.343,0.164,70.536,9
5863,5884,spotify:track:1mP8BJQBRZWjSQLVmxQEyG,There'll Be Sad Songs (To Make You Cry),Billy Ocean,0.563,0.458,0.0305,0.748,0.0,0.103,0.259,79.738,9
5886,5907,spotify:track:6HksxcBzMVdT17aq1Q79Xe,My Friends,Red Hot Chili Peppers,0.439,0.709,0.026,0.00565,0.00152,0.131,0.319,81.331,9
5906,5928,spotify:track:2Bs4jQEGMycglOfWPBqrVG,Steal My Girl,One Direction,0.536,0.768,0.0347,0.00433,0.0,0.114,0.545,77.217,9
5925,5947,spotify:track:074Xt2DSblp5OOK6lYVuPS,Lovers Who Wander,Dion,0.37,0.461,0.055,0.273,0.0,0.189,0.736,73.358,9
5941,5963,spotify:track:3J90DxBYXJR2G60Hlro76Q,Butterfly,Matt Flinders,0.219,0.239,0.0297,0.854,0.596,0.0742,0.446,76.682,9
5946,5968,spotify:track:0OI7AFifLSoGzpb8bdBLLV,"Home (with Machine Gun Kelly, X Ambassadors & Bebe Rexha)","Machine Gun Kelly, X Ambassadors, Bebe Rexha",0.653,0.718,0.213,0.00413,0.0,0.0537,0.216,82.034,9
5970,5992,spotify:track:7wqSzGeodspE3V6RBD5W8L,See You Again (feat. Charlie Puth),"Wiz Khalifa, Charlie Puth",0.689,0.481,0.0815,0.369,1.03e-06,0.0649,0.283,80.025,9
5978,6000,spotify:track:64ymP0l9Igq5ME7Qk7tqHa,Just A Little Bit Of Your Heart,Ariana Grande,0.44,0.323,0.0281,0.692,0.0,0.103,0.158,77.988,9
5985,6007,spotify:track:24WQvfKUCLKN1z0AcnNCc7,I Want to Wake Up With You,"Boris Gardiner, Rudy Thomas, Steven Stanley, Willie Lindo",0.712,0.323,0.0444,0.721,8.39e-06,0.112,0.73,81.527,9
5987,6009,spotify:track:5qmXgeIDa1lXB07pgAVlNM,Stickwitu,The Pussycat Dolls,0.548,0.554,0.0587,0.283,0.0,0.0708,0.382,79.918,9
6063,6087,spotify:track:4Q5CxuJ3d6G3iwE46yqMBf,You Can't Sit Down,The Dovells,0.613,0.875,0.231,0.122,0.0,0.322,0.963,82.071,9
6080,6104,spotify:track:4gAM42kOXFw9TJbSsRvWAj,Part Of The Union,Strawbs,0.623,0.725,0.0323,0.382,0.0,0.071,0.889,77.492,9
6096,6120,spotify:track:43DeSV93pJPT4lCZaWZ6b1,The Boys Are Back In Town,Thin Lizzy,0.445,0.706,0.0461,0.234,0.000252,0.205,0.768,80.823,9
6100,6124,spotify:track:5I0620xa6ecXZinsDUUcYF,The Belle of St. Mark,Sheila E.,0.612,0.806,0.0479,0.0319,1.44e-06,0.168,0.676,79.142,9
6121,6145,spotify:track:58zsLZPvfflaiIbNWoA22O,Human,Rag'n'Bone Man,0.602,0.707,0.302,0.393,0.0,0.165,0.554,75.087,9
6136,6160,spotify:track:2eiM9kila9dNq3Qxqe8VK4,Zebra,John Butler Trio,0.632,0.668,0.0611,0.229,0.102,0.132,0.734,77.944,9
6150,6174,spotify:track:1rPCgtaIF0CyKRgAwhtpbF,Adore,Amy Shark,0.592,0.438,0.0391,0.193,0.0,0.0564,0.259,67.445,9
6181,6206,spotify:track:3V6i8cMWu7Vd4Vk9BiUOiV,Monster Mash,"Bobby ""Boris"" Pickett, The Crypt-Kickers",0.68,0.608,0.342,0.383,0.0,0.387,0.696,69.796,9
6224,6249,spotify:track:6Ehu8vSEK1aaHbDn8TMTED,"Hopelessly Devoted To You - From ""Grease"" Original Motion Picture Soundtrack",Olivia Newton-John,0.276,0.344,0.0378,0.332,0.029,0.126,0.346,73.805,9
6225,6250,spotify:track:6jGnykaS6TkWp15utXSAeI,Come Away With Me,Norah Jones,0.436,0.141,0.0308,0.902,2.81e-06,0.126,0.146,76.64,9
6235,6260,spotify:track:4HWf1Ev76m09o29JVYHADr,Lullaby - Original Radio Edit,Shawn Mullins,0.594,0.874,0.0535,0.0113,0.000117,0.235,0.653,79.963,9
6245,6270,spotify:track:2RtmMC4btQbvQ9w5KxPZpy,Arizona,Mark Lindsay,0.479,0.453,0.0472,0.225,0.00038,0.143,0.756,81.18,9
6260,6286,spotify:track:2BQZvZsA9SRafvWEBSQnri,Anyone Who Had a Heart,Dionne Warwick,0.505,0.0477,0.0278,0.91,2.61e-06,0.0675,0.309,78.856,9
6279,6305,spotify:track:1cvMsDQoo9VISuZU9t4TlP,Stickwitu - Avant Mix,"The Pussycat Dolls, Avant",0.652,0.539,0.0392,0.289,0.0,0.0843,0.484,80.113,9
6313,6339,spotify:track:3CIyK1V4JEJkg02E4EJnDl,Enemy (with JID) - from the series Arcane League of Legends,"Imagine Dragons, JID, Arcane, League of Legends",0.728,0.783,0.266,0.237,0.0,0.434,0.555,77.011,9
6323,6349,spotify:track:5SwibZfVhoLcjE0NVFUtLI,You're The Reason I'm Living,Bobby Darin,0.353,0.224,0.0268,0.813,0.0,0.17,0.348,72.901,9
6337,6363,spotify:track:5V53dAjgNInfXNlz2cryvd,Do You Remember,Jarryd James,0.669,0.302,0.0674,0.198,0.000345,0.115,0.299,71.988,9
6355,6381,spotify:track:6NVB6W7G3svCKe5zB7kY8q,Angel Of The Morning,Juice Newton,0.456,0.233,0.0255,0.433,6.42e-05,0.0538,0.424,75.174,9
6390,6416,spotify:track:45oIGEnIM1t8uzuZgxW6ZD,Don't Forget To Remember,Bee Gees,0.38,0.448,0.025,0.178,1.21e-06,0.315,0.494,82.374,9
6414,6441,spotify:track:6WgEqDFie58OzH5sgbDS4j,The Carnival Is Over - Mono; 2009 Remaster,The Seekers,0.386,0.493,0.0275,0.246,0.0,0.18,0.647,75.694,9
6418,6445,spotify:track:5Km6e8PWkwEPVKlifElIDB,Start Again,Conrad Sewell,0.553,0.343,0.0407,0.68,3.5e-06,0.122,0.216,66.543,9
6424,6451,spotify:track:7boKWlaNVmrhJdX8IbzUdD,Hard to Say I'm Sorry - 2007 Remaster,Chicago,0.551,0.416,0.0274,0.648,2.26e-06,0.312,0.255,72.174,9
6439,6466,spotify:track:0X6fWeGBZDks4SbLPy7nuB,Judy in Disguise (With Glasses),John Fred and His Playboy Band,0.638,0.818,0.132,0.0386,0.159,0.118,0.922,82.289,9
6447,6474,spotify:track:02MWAaffLxlfxAUY7c5dvx,Heat Waves,Glass Animals,0.761,0.525,0.0944,0.44,6.7e-06,0.0921,0.531,80.87,9
6455,6482,spotify:track:1mwCSKK0YRDsgnj2VwyZSU,Butterfly Kisses,Bob Carlisle,0.386,0.364,0.032,0.541,0.0,0.347,0.104,81.895,9
6490,6518,spotify:track:1Up0tMGTc3FKasn7WMrioE,Songbird,Bernard Fanning,0.58,0.776,0.0273,0.102,0.000213,0.183,0.866,80.54,9
6577,6605,spotify:track:5Qo6MOsOF17eBe5kRuYRMi,Mama,Connie Francis,0.177,0.217,0.0341,0.889,5.57e-05,0.346,0.11,81.316,9
6585,6613,spotify:track:7aUuoq4oMfLxaLa5GVUDHi,Way down We Go,KALEO,0.59,0.578,0.0528,0.612,0.000162,0.0837,0.264,81.663,9
6602,6630,spotify:track:4O3HRDIBChh0quFPhfDXd1,Jump,Rihanna,0.656,0.824,0.229,0.221,0.00757,0.171,0.423,81.071,9
6611,6639,spotify:track:4ye6YRG07XMpZZ9Y9tNTt6,To Love Somebody,Michael Bolton,0.367,0.353,0.0288,0.335,0.0,0.1,0.282,74.103,9
6636,6664,spotify:track:32Ka9ZTXBza9SkOWRtiXBO,Candle,Guy Sebastian,0.401,0.585,0.0637,0.315,0.0,0.0801,0.425,67.355,9
6649,6677,spotify:track:6M1M6cRtVkm5d0qTzkSEuK,Run to You,Whitney Houston,0.368,0.364,0.0318,0.628,0.0,0.157,0.131,76.923,9
6685,6713,spotify:track:1fPYcrgm9wODvukYw46vcg,Only Want You (feat. 6LACK),"Rita Ora, 6LACK",0.671,0.547,0.0526,0.0574,1.55e-06,0.0855,0.336,82.034,9
6756,6785,spotify:track:1ezeinbhS1HhWzA8yQIzA7,Michelle,The Overlanders,0.528,0.507,0.0269,0.771,0.0,0.191,0.486,61.007,9
6775,6804,spotify:track:1xg1yGPy1Y3YUf44s6TB1o,"I'm Not a Girl, Not Yet a Woman",Britney Spears,0.534,0.543,0.0245,0.579,0.0,0.112,0.418,78.996,9
6786,6815,spotify:track:4jRJWlkCn3pAwezfqFODU3,For Your Eyes Only,Sheena Easton,0.244,0.44,0.0475,0.871,8.65e-05,0.372,0.113,82.02,9
6787,6816,spotify:track:63kd4m3VFxcJjPVVtbVNAu,"Hello, Dolly!",Louis Armstrong,0.0,0.405,0.0,0.842,0.00114,0.198,0.0,0.0,9
6813,6843,spotify:track:2lJOKQmXQ5yiRyCTE5FyDE,Tears In Heaven,Eric Clapton,0.705,0.324,0.0246,0.842,0.00386,0.201,0.494,79.051,9
6830,6860,spotify:track:7ghmZhLpmQe9nTluI1czmr,Say It,"Flume, Tove Lo",0.581,0.531,0.0322,0.0731,3.27e-06,0.0616,0.273,75.255,9
6832,6862,spotify:track:5DwfuDBJbNULiRSq2GZO4u,Take Good Care of Her,Adam Wade,0.219,0.328,0.0334,0.74,0.0,0.344,0.394,80.442,9
6850,6880,spotify:track:1Xi84slp6FryDSCbzq4UCD,Arcade,Duncan Laurence,0.45,0.329,0.0441,0.818,0.00109,0.135,0.266,71.884,9
6880,6910,spotify:track:6QgjcU0zLnzq5OrUoSZ3OK,Feel It Still,Portugal. The Man,0.801,0.795,0.0504,0.0417,0.000113,0.0717,0.754,79.028,9
6882,6912,spotify:track:2sWRC12vYVTHjdTD2WOE4v,Days Of Wine And Roses - REMASTERED,Henry Mancini,0.246,0.171,0.0298,0.852,0.0,0.195,0.205,81.235,9
6883,6913,spotify:track:0qDUJiDCBIKn6n8km7KvUO,Je T'aime,Abigail,0.457,0.561,0.029,0.552,0.505,0.362,0.631,81.383,9
6884,6914,spotify:track:0fioLzGM8ngbD1w6fMmm45,I'm Not The Only One,Sam Smith,0.453,0.496,0.0453,0.554,2.65e-05,0.0772,0.501,80.994,9
6887,6917,spotify:track:1nLnpLXvl68RZCSjfkyiaa,Brain Stew,Green Day,0.559,0.543,0.302,0.00133,2e-05,0.0577,0.337,75.958,9
6892,6922,spotify:track:1lvpicn5ni5RLhJrPVunGm,I Don't Want To Be With Nobody But You (feat. Wendy Matthews),"Absent Friends, Wendy Matthews",0.539,0.502,0.0316,0.0367,0.0,0.103,0.466,80.639,9
6896,6926,spotify:track:3Ubzvmqs1Dp2y3zjpZ0W0l,Luv Your Life,Silverchair,0.366,0.472,0.0262,0.00762,0.00106,0.537,0.399,80.047,9
6905,6935,spotify:track:794pcMq18sBEsmwjRq0aOI,The World I Know,Collective Soul,0.514,0.704,0.0261,0.0515,0.00219,0.228,0.386,76.975,9
6917,6947,spotify:track:3mQ943gsF69OINypCuYpNT,"Show Me Heaven - From ""Days Of Thunder""",Maria McKee,0.501,0.43,0.0278,0.807,0.000765,0.445,0.374,80.317,9
6921,6951,spotify:track:2pp1JD85KtFxRz94efpQj8,I'll Be Gone,Spectrum,0.523,0.802,0.0984,0.194,7.93e-06,0.337,0.413,73.978,9
6933,6964,spotify:track:3QgsPdDBXZKrpa2iQndFnZ,You Make Me Feel Brand New,The Stylistics,0.454,0.336,0.0243,0.849,2.6e-05,0.102,0.203,75.589,9
6945,6976,spotify:track:6ezg5Mm5UEEi3Oqsbb7Cjn,"Do You Mind (feat. Nicki Minaj, Chris Brown, August Alsina, Jeremih, Future & Rick Ross)","DJ Khaled, Nicki Minaj, Chris Brown, August Alsina, Jeremih, Future, Rick Ross",0.412,0.548,0.243,0.0173,0.0,0.181,0.176,81.293,9
6949,6980,spotify:track:1e1oPDrzCWHapxh9GD6vNw,Put Yourself in My Place,"Kylie Minogue, Ronin",0.564,0.81,0.0296,0.0176,0.475,0.155,0.713,76.958,9
6973,7004,spotify:track:32L05FkUrYfVlc0IwJ45ld,MONTERO (Call Me By Your Name),Lil Nas X,0.433,0.498,0.207,0.263,0.0,0.339,0.69,79.434,9
6998,7029,spotify:track:28V3IT1gGsuak0SvKzpqaU,What In The World’s Come Over You,Jack Scott,0.499,0.211,0.0327,0.763,5.95e-06,0.0888,0.486,76.74,9
7018,7049,spotify:track:4FTOpNYcGxnQdGNWSxIcio,Soldier (feat. T.I. & Lil' Wayne),"Destiny's Child, T.I., Lil Wayne",0.878,0.417,0.361,0.0444,0.0,0.0833,0.904,77.49,9
7035,7066,spotify:track:2TjnCxxQRYn56Ye8gkUKiW,Desperado - 2013 Remaster,Eagles,0.228,0.224,0.0311,0.946,0.000222,0.273,0.18,60.3,9
7041,7072,spotify:track:1lDo24S34NvI1pAg7Oxldc,The Name Of The Game,ABBA,0.656,0.565,0.0301,0.357,0.000192,0.0629,0.615,77.049,9
7062,7093,spotify:track:4QEbXYWpDDWHzXNINdZlzW,The Boys Are Back In Town,Thin Lizzy,0.36,0.851,0.0838,0.252,3.77e-06,0.0802,0.683,79.39,9
7070,7101,spotify:track:35ItUJlMtjOQW3SSiTCrrw,Crazy Little Thing Called Love - Remastered 2011,Queen,0.599,0.762,0.0423,0.714,4.43e-06,0.35,0.715,76.961,9
7080,7111,spotify:track:7Lf7oSEVdzZqTA0kEDSlS5,Cry Me a River,Justin Timberlake,0.624,0.654,0.183,0.577,0.0,0.104,0.564,73.898,9
7118,7149,spotify:track:4sj8qFcEDnRPNv3tBbUVUf,Me and Mrs. Jones,Billy Paul,0.303,0.555,0.0482,0.388,1.16e-06,0.468,0.447,67.322,9
7119,7150,spotify:track:6O0mqHE8b8zeHCAPpt3BnM,Reckless,Bernard Fanning,0.474,0.689,0.0529,0.348,1.61e-05,0.0957,0.207,76.253,9
7133,7164,spotify:track:5cwN1htZyoWqZCc33f3RfE,The High Road,Broken Bells,0.61,0.638,0.0238,0.0672,6.59e-06,0.283,0.603,79.955,9
7135,7166,spotify:track:2smFxko1zyj5QA7mWDTNIw,Tuff,Ace Cannon,0.409,0.02,0.0345,0.971,0.276,0.102,0.215,68.93,9
7168,7199,spotify:track:0eXb8Kgkm9UcMMQPIxk3wE,Girls Like You (feat. Cardi B),"Maroon 5, Cardi B",0.613,0.522,0.115,0.567,0.0,0.13,0.447,59.406,9
7201,7232,spotify:track:7v7FpQhlFzi4cSXlm0sePd,Let It Be,Labrinth,0.489,0.658,0.0649,0.236,0.0,0.0651,0.666,80.764,9
7209,7240,spotify:track:5AkBuGO6iMLxwGmjRj9PNU,One Great Mystery,Lady A,0.555,0.517,0.0251,0.37,0.0,0.233,0.465,77.022,9
7216,7247,spotify:track:1EB3Z38oKDKVp4K2yEO2dl,More Than Words Can Say,Alias,0.412,0.376,0.0289,0.609,0.00223,0.11,0.153,69.064,9
7218,7249,spotify:track:30Co9eN7JHPf1i2wEyVSMJ,Nothing Like Us,Justin Bieber,0.546,0.155,0.0428,0.987,6.02e-05,0.18,0.512,72.331,9
7269,7301,spotify:track:5g1rzUEyVFNr2i4ifEjlVN,Love Hurts - Single Edit,Nazareth,0.442,0.491,0.0246,0.00693,0.00491,0.114,0.125,79.954,9
7271,7303,spotify:track:4rr67zXmEYf9ykLigeEsbv,Don't Dream It's Over,Crowded House,0.439,0.422,0.0409,0.0148,4.84e-05,0.0697,0.551,81.833,9
7309,7341,spotify:track:1fiDe8sb2DMEU4JGPOIEB1,Don't Dream It's Over,Crowded House,0.443,0.732,0.0408,0.0246,2.09e-05,0.0675,0.489,80.769,9
7315,7347,spotify:track:6ToFxXRBtl5TJFEyIoYK3f,Mirrors - Radio Edit,Justin Timberlake,0.578,0.6,0.0455,0.144,0.0,0.426,0.646,76.999,9
7319,7351,spotify:track:2aIdVb8v9KTpEZnftkz2mD,Buy U a Drank (Shawty Snappin') (feat. Yung Joc),"T-Pain, Yung Joc",0.451,0.55,0.262,0.0108,0.0,0.0737,0.594,80.001,9
7358,7390,spotify:track:6xdLJrVj4vIXwhuG8TMopk,Crazy Little Thing Called Love - Remastered 2011,Queen,0.599,0.761,0.0421,0.713,4.74e-06,0.349,0.712,77.015,9
7363,7395,spotify:track:1smChL3Aq1U9DZA83LuDtp,I Wanna Be Around...,Tony Bennett,0.498,0.266,0.0348,0.768,0.0,0.0828,0.376,69.601,9
7365,7397,spotify:track:7zndEhQgtSXQ0aWKq35ims,Head over Feet - 2015 Remaster,Alanis Morissette,0.482,0.808,0.065,0.0562,0.0,0.202,0.438,79.599,9
7371,7403,spotify:track:5W2XBZxuWp4FWgrD53WE2X,I Will Return,Springwater,0.0994,0.495,0.0346,0.896,0.887,0.0708,0.112,70.306,9
7377,7409,spotify:track:2N5Z5iUkZlSI0d5h1OdnJH,How To Be Lonely,Rita Ora,0.551,0.711,0.0525,0.0293,0.0,0.195,0.513,81.965,9
7439,7471,spotify:track:2ye824NM1m7Nc2UPXtwZjL,When I'm Gone,Eminem,0.515,0.74,0.363,0.0493,0.0,0.258,0.765,75.922,9
7462,7494,spotify:track:0ZSmRnXnP5fdANtVlCok1g,Look What You've Done,Jet,0.398,0.547,0.0261,0.414,0.00143,0.146,0.305,73.396,9
7474,7506,spotify:track:7gfh3jwjaSmGlB40uTMSeE,Reunited,Peaches & Herb,0.559,0.496,0.0262,0.851,0.00616,0.147,0.36,75.69,9
7476,7508,spotify:track:2dC0Rl8OfpULkMvagGUwPi,Cats In The Cradle,Ugly Kid Joe,0.386,0.466,0.0379,0.165,1.12e-05,0.0797,0.416,74.802,9
7494,7526,spotify:track:6gGboAhqHBqs5szVLobC41,God Only Knows,Michael Bublé,0.305,0.0307,0.0409,0.971,0.336,0.0985,0.282,75.427,9
7526,7558,spotify:track:3b4QImv0nTWtdAe63WtcAQ,If Tomorrow Never Comes,Ronan Keating,0.562,0.493,0.028,0.33,0.0,0.0928,0.251,79.062,9
7549,7581,spotify:track:2W2vmNmTLERMWT9XBxm35E,Diggin' On You,TLC,0.719,0.631,0.0451,0.0235,0.702,0.0686,0.456,80.127,9
7581,7613,spotify:track:4osg3vT6sXv6wNxm9Z6ucQ,Rehab,Amy Winehouse,0.434,0.872,0.0702,0.0473,1.83e-06,0.396,0.732,71.515,9
7585,7617,spotify:track:14IKLtPlsqWL077svIJYey,Stand Tall,Burton Cummings,0.463,0.396,0.0304,0.0243,7.23e-05,0.173,0.365,80.753,9
7587,7619,spotify:track:2L2dkUlRrPPaUHXawZ7HwG,Kings of the World,Mississippi,0.446,0.448,0.0321,0.0193,0.0,0.1,0.411,78.12,9
7598,7630,spotify:track:52EWTw5ALe9OnjgAxX3Luo,Terrible Love,Birdy,0.46,0.451,0.0252,0.497,4.91e-06,0.155,0.144,77.928,9
7601,7633,spotify:track:0zZHGbPRCbMSCZbSgmHQgg,The Fly,Chubby Checker,0.464,0.923,0.0495,0.195,0.0,0.104,0.844,77.482,9
7615,7648,spotify:track:5DeXQ3qADuDmqsosnZAK3o,I Want to Know What Love Is - 2008 Remaster,Foreigner,0.48,0.529,0.0275,0.17,4.27e-06,0.257,0.469,81.527,9
7619,7652,spotify:track:2QDO9sZ1qQn0NGMWPecYyo,Carry On (Her Letter To Him),Ne-Yo,0.496,0.453,0.0377,0.362,0.000372,0.108,0.221,81.762,9
7621,7654,spotify:track:0xgTmnbKX8mOjlyWqw1eEc,Candydrunk,Zeek Power,0.474,0.458,0.0315,0.454,0.0,0.18,0.216,75.851,9
7643,7676,spotify:track:4joiWvli4qJVEW6qZV2i2J,All My Loving - Remastered 2009,The Beatles,0.416,0.563,0.0298,0.207,0.0,0.343,0.9,77.56,9
7668,7702,spotify:track:1ng36571Iyov4HBxUClySn,Pepper,Butthole Surfers,0.631,0.804,0.166,0.00589,0.00116,0.16,0.671,79.898,9
7672,7706,spotify:track:63ORXJXw7BvMJfabDND9di,Angel of the Morning,Merrilee Rush,0.512,0.165,0.0261,0.526,0.0,0.161,0.332,81.059,9
7679,7713,spotify:track:3sbChGDwxtrPcVT2f5j2Pr,So Much In Love,The Tymes,0.537,0.493,0.0329,0.853,1.65e-05,0.407,0.475,75.576,9
7741,7776,spotify:track:7lQWRAjyhTpCWFC0jmclT4,Gangsta's Paradise,"Coolio, L.V.",0.647,0.514,0.0593,0.0655,0.0,0.398,0.387,79.974,9
7746,7781,spotify:track:0cJdSg34dnUSxSyFjBf703,Finger Poppin' Time,Hank Ballard & The Midnighters,0.491,0.591,0.0363,0.112,0.00564,0.19,0.686,78.009,9
7764,7799,spotify:track:3PGAgwFWnFCisvjb3rLyuh,Piece Of My Heart,Janis Joplin,0.482,0.883,0.0754,0.0891,0.00422,0.266,0.594,80.687,9
7788,7823,spotify:track:7HWetAoWK9qkFM575HONAY,Lonely (with benny blanco),"Justin Bieber, benny blanco",0.631,0.226,0.0396,0.879,0.0,0.115,0.0765,79.968,9
7793,7828,spotify:track:4FdOxPfpG8FLTCl41Ssh66,Four Walls,BROODS,0.511,0.638,0.046,0.226,0.0,0.0609,0.205,60.03,9
7795,7830,spotify:track:47DzE0bNSqWj4z3mrPU3gj,Aussie As,Matt Scullion,0.53,0.34,0.0279,0.574,1.92e-06,0.144,0.231,76.959,9
7805,7840,spotify:track:6vnDoUOHTiVB5DvX18tJon,Say It,"Flume, Tove Lo",0.597,0.531,0.0295,0.0685,3.72e-06,0.0617,0.271,74.938,9
7818,7853,spotify:track:52VIdyKqp1pJRSyUQaxKUA,Everything I Own,Bread,0.365,0.338,0.0322,0.735,0.0,0.104,0.446,79.241,9
7822,7857,spotify:track:6AL6Wbn1xA3R86vAvuiho5,Runaround Sue - Remastered 1991,Dion,0.544,0.567,0.0753,0.79,3.85e-06,0.363,0.559,78.227,9
7830,7865,spotify:track:6wmazwwzaTNFnKcyQFZsuq,Like Sister and Brother,The Drifters,0.563,0.665,0.0301,0.322,8.47e-06,0.468,0.732,81.092,9
7847,7882,spotify:track:4SxNSszQR7aK8WlRnemoYj,Songbird,Bernard Fanning,0.58,0.776,0.0273,0.102,0.000213,0.183,0.866,80.54,9
7879,7915,spotify:track:3CFRrpmTnGYi0JC7QDIxFP,Don't Lose My Number - 2016 Remaster,Phil Collins,0.581,0.833,0.0799,0.172,7.48e-05,0.0581,0.952,80.575,9
7891,7927,spotify:track:7DH5dXVuQaqcKf9oTy9oUN,He'll Have to Go,Jim Reeves,0.554,0.186,0.0379,0.909,0.00144,0.11,0.2,81.181,9
7911,7947,spotify:track:3cU2wBxuV6nFiuf6PJZNlC,Dear Future Husband,Meghan Trainor,0.655,0.782,0.185,0.375,0.0,0.317,0.832,79.427,9
7928,7965,spotify:track:3wU4yCN1LZ6dETM1SnRBXf,The Hucklebuck,Brendan Bowyer & The Royal Showband,0.565,0.932,0.0565,0.455,3.26e-06,0.439,0.972,79.093,9
7931,7968,spotify:track:2hYlWnPvVZtQZGWfb35HPQ,I'm Not The Only One,Sam Smith,0.679,0.487,0.0352,0.545,3.36e-05,0.0772,0.506,81.994,9
7934,7971,spotify:track:5pbajJXEPdcoXQPXoAVR1t,You're Beautiful,James Blunt,0.675,0.479,0.0278,0.633,1.76e-05,0.088,0.454,81.998,9
7946,7983,spotify:track:6S4Z214kph4Pnx1Xkr9Obs,Bigger,Stan Walker,0.495,0.478,0.0889,0.185,0.0,0.51,0.431,77.58,9
7966,8003,spotify:track:4Pg0FrBXiwj4ROQPGwgc6a,Every Hour,KIAN,0.684,0.505,0.0378,0.494,1.48e-06,0.321,0.726,79.946,9
7980,8018,spotify:track:2QVHmiFTjFsHyxONRdbkcq,How Do You Talk To An Angel?,The Heights,0.404,0.51,0.0321,0.281,6.32e-06,0.0789,0.526,80.643,9
8000,8040,spotify:track:2T5Ch09nefwckOu5NQvjIk,Carolina in My Mind,James Taylor,0.579,0.267,0.0348,0.118,0.000562,0.132,0.353,74.899,9
8005,8046,spotify:track:6VObnIkLVruX4UVyxWhlqm,Skyfall,Adele,0.346,0.552,0.0282,0.417,0.0,0.114,0.0789,75.881,9
8013,8054,spotify:track:46OZwUIGXFDclUHJYjunOj,Angie Baby,Helen Reddy,0.544,0.412,0.0482,0.543,2.32e-05,0.0839,0.527,79.957,9
8058,8099,spotify:track:6sEYUXCqNNZUxAxFxXZCjc,Losing You,Brenda Lee,0.308,0.198,0.031,0.786,0.0,0.404,0.363,77.777,9
8075,8116,spotify:track:4sjOSErZILpIu0cOlCFOIg,Stop Crying Your Heart Out,Oasis,0.38,0.572,0.03,0.0768,2.4e-06,0.0776,0.0878,74.987,9
8076,8117,spotify:track:5VIUVUvwHPM2vJaQpznd5W,Fire We Make,"Alicia Keys, Maxwell",0.434,0.403,0.205,0.402,3.81e-06,0.0617,0.383,67.363,9
8082,8123,spotify:track:6b000K3X9l18PkF372B011,Don't Give Up,"Shannon Noll, Natalie Bassingthwaighte",0.401,0.685,0.029,0.0595,0.0,0.101,0.22,80.539,9
8108,8149,spotify:track:3zW6vFtJnlleGIsaIicqqn,The Weight (with Jimmy Barnes),"The Badloves, Jimmy Barnes",0.569,0.389,0.0381,0.203,0.0,0.105,0.449,73.901,9
8129,8170,spotify:track:5UsfNL9PE9An9J4XLMJKPs,Skeleton Dance,Children Collide,0.567,0.918,0.04,0.000806,0.13,0.047,0.682,82.344,9
8140,8181,spotify:track:3K67L83YEiEo6Wyir4pkDU,Fuck It (I Don't Want You Back),Eamon,0.834,0.623,0.06,0.0957,4.07e-06,0.0625,0.499,68.49,9
8142,8183,spotify:track:7nUkkGRaX3SXnSxKkyiTJY,Hey There Lonely Girl,Shaun Cassidy,0.351,0.328,0.0276,0.412,0.0,0.127,0.523,73.444,9
8151,8192,spotify:track:0sp00HSXkQyqTa6QqM0O8V,Leave Out All The Rest,Linkin Park,0.509,0.629,0.0335,0.209,1.99e-06,0.369,0.237,80.012,9
8163,8204,spotify:track:6lOWoTqVnAWXchddtTH31W,Leave a Light On,Tom Walker,0.586,0.624,0.113,0.0153,1.78e-06,0.133,0.267,68.976,9
8176,8217,spotify:track:4E5tZYJujvISFewOvXN3Ph,Delta Dawn,Helen Reddy,0.566,0.659,0.0893,0.582,0.0,0.286,0.824,78.729,9
8181,8222,spotify:track:2MRNiztY7NRlMYYGsWm9wW,Eternal Flame - Remastered,Human Nature,0.414,0.613,0.0312,0.244,0.0,0.0701,0.326,78.252,9
8185,8226,spotify:track:7ycWLEP1GsNjVvcjawXz3z,Praise The Lord (Da Shine) (feat. Skepta),"A$AP Rocky, Skepta",0.854,0.569,0.106,0.0609,0.0816,0.1,0.294,80.015,9
8195,8236,spotify:track:12X0B3P3m6ugh3VhMY7vov,Picking Up Pebbles,Matt Flinders,0.23,0.376,0.0327,0.00632,0.0423,0.0679,0.496,68.954,9
8218,8259,spotify:track:7a8tyR4KZCq7BWUXcxIB7p,"All For Love - From ""The Three Musketeers"" Soundtrack","Bryan Adams, Sting, Rod Stewart",0.506,0.573,0.0282,0.185,0.0,0.119,0.0958,74.806,9
8252,8294,spotify:track:0pgRw8M6xNB1O4Puc9Tnyk,Heaven Knows,Rick Price,0.457,0.27,0.0258,0.721,0.0,0.0951,0.192,77.707,9
8274,8316,spotify:track:7uFhHMYpEC2MLXwxt64pMD,I Won't Tell a Soul,Charlie Puth,0.439,0.445,0.0383,0.692,0.0,0.0605,0.163,77.198,9
8291,8333,spotify:track:0mqTcM8kuu2IYPotMt7AzS,Make You Feel My Love,Adele,0.559,0.172,0.0291,0.907,0.000383,0.105,0.0955,77.025,9
8301,8343,spotify:track:1xOXXYh6lTW8laxlW7JP2J,Only the Good Die Young,Billy Joel,0.579,0.872,0.159,0.159,0.0,0.0935,0.761,76.214,9
8319,8361,spotify:track:4z51Gf7Ppt9Lmu5zmnUIz9,Baby Don't Get Hooked on Me,Mac Davis,0.495,0.307,0.0403,0.26,5.21e-05,0.103,0.802,80.97,9
8331,8374,spotify:track:1gmdTQbEgRZoCbVqSLEJj5,I'll Be There for You (Friends Theme),Boyce Avenue,0.473,0.303,0.031,0.835,0.0,0.109,0.536,81.153,9
8348,8391,spotify:track:6LFoyjCI9eFZw3QmN46x2V,Nobody's Fool,Cinderella,0.367,0.445,0.0286,0.0478,0.00284,0.199,0.149,67.197,9
8359,8402,spotify:track:4ARhdB2FzpXcko8T03YVen,Stay,Lisa Loeb & Nine Stories,0.677,0.592,0.0452,0.454,0.0,0.107,0.336,80.316,9
8386,8429,spotify:track:3597XbK7cHfyEBHrmbkujE,Think Twice,Brook Benton,0.449,0.195,0.0341,0.946,0.0484,0.119,0.302,80.573,9
8445,8488,spotify:track:7IahivnWF9l1W8DSBQe3Xv,Zebra,John Butler Trio,0.609,0.638,0.0435,0.127,0.0658,0.142,0.748,78.785,9
8472,8515,spotify:track:1i5Q0S1MLBNUBTfV7nnBSA,Ho Hey,The Lumineers,0.684,0.466,0.03,0.773,1.33e-06,0.0787,0.369,79.924,9
8481,8524,spotify:track:7s3VamLgN0rvQ0W0FlDST8,Train Wreck,James Arthur,0.311,0.485,0.0365,0.701,0.0,0.0726,0.225,77.355,9
8511,8554,spotify:track:6SlJooJullmwjBsrnRNROA,Moments (feat. Gavin James),"Bliss n Eso, Gavin James",0.632,0.724,0.326,0.387,0.0,0.0991,0.311,82.227,9
8533,8577,spotify:track:6qTmjG7thRJEOaUKFmfjGR,The Last Day on Earth,Kate Miller-Heidke,0.61,0.44,0.0256,0.564,0.000897,0.0923,0.168,79.002,9
8542,8586,spotify:track:0KzAbK6nItSqNh8q70tb0K,Where Is My Mind?,Pixies,0.513,0.442,0.0343,0.00731,0.000838,0.0878,0.243,81.201,9
8607,8651,spotify:track:0Uyh92tLyb9JawG8lmWCzJ,Differences,Ginuwine,0.562,0.594,0.0558,0.318,0.0,0.311,0.423,62.876,9
8668,8713,spotify:track:7wdLZdLzaYCkUvxkPhFP4Q,You Raise Me Up,Westlife,0.129,0.358,0.0314,0.631,0.0,0.0886,0.172,75.048,9
8707,8752,spotify:track:2ZIzyHDYsXIHUojfr6bAbO,Don't Lose My Number - 2016 Remaster,Phil Collins,0.585,0.832,0.0814,0.168,5.09e-05,0.0634,0.952,80.614,9
8739,8785,spotify:track:126MvlJjQXgM7IC0SC5qQz,There's Always Me - alt. take 2,"Elvis Presley, The Jordanaires",0.462,0.151,0.0277,0.915,0.000585,0.195,0.326,72.466,9
8764,8810,spotify:track:63xBnyUVKIupzjHno4wFs3,Into The Great Wide Open,Tom Petty and the Heartbreakers,0.608,0.583,0.0235,0.188,0.0,0.129,0.714,82.227,9
8791,8837,spotify:track:19K3lUMJmOdeuOBTrbLm19,Weekend Wars,MGMT,0.549,0.859,0.0361,0.0964,2.36e-05,0.322,0.69,77.013,9
8846,8893,spotify:track:127QTOFJsJQp5LbJbu3A1y,Toosie Slide,Drake,0.834,0.454,0.201,0.321,6.15e-06,0.114,0.837,81.618,9
8870,8917,spotify:track:2eRRz39GFils5PAGKaxA3V,Mission Bell,Donnie Brooks,0.588,0.504,0.0282,0.716,0.0,0.224,0.853,80.27,9
8872,8919,spotify:track:3y5CBsjVJldSHS3NS7Ifbz,Complicated,Avril Lavigne,0.585,0.648,0.0469,0.0623,6.49e-06,0.29,0.429,77.994,9
8910,8957,spotify:track:0YDwU85oVyHFyoEOLpOsKp,Look What You've Done,Jet,0.4,0.541,0.0252,0.391,0.00109,0.146,0.325,74.422,9
8947,8994,spotify:track:23jNwwtRqBSujsMT41gODf,"Too Much, Too Little, Too Late (with Deniece Williams)","Johnny Mathis, Deniece Williams",0.501,0.573,0.0673,0.464,6.37e-06,0.0937,0.753,77.805,9
8973,9020,spotify:track:26qDFDKrveLljfIX5ft061,Honey Come Back,Glen Campbell,0.382,0.349,0.0307,0.331,5.85e-05,0.308,0.421,50.937,9
8987,9034,spotify:track:6JnRLa50GuHzF0ucg9AGMI,Wild Love,James Bay,0.443,0.608,0.0669,0.0828,0.000234,0.102,0.23,70.124,9
9009,9056,spotify:track:7uAX9NrF4cDpcUA2FiWmKf,David's Song,Robbie Williams,0.533,0.469,0.027,0.244,3.29e-05,0.114,0.202,76.62,9
9034,9081,spotify:track:1MzXFDFEdndvOReLnoZ0p7,Wiggle (feat. Snoop Dogg),"Jason Derulo, Snoop Dogg",0.697,0.621,0.25,0.0802,0.0,0.162,0.721,81.946,9
9038,9085,spotify:track:2obblQ6tcePeOEVJV6nEGD,Cat's in the Cradle,Harry Chapin,0.489,0.578,0.0418,0.234,0.0,0.123,0.511,78.111,9
9048,9095,spotify:track:5rEvuW4YhwobKwGL1HPrXA,Let Her Go,Passenger,0.479,0.545,0.0688,0.365,0.0,0.0963,0.244,74.897,9
9061,9108,spotify:track:2julHzta3pq6E1ugxyvsbj,It Must Have Been Love,Roxette,0.591,0.7,0.0261,0.177,0.00027,0.149,0.682,80.673,9
9071,9118,spotify:track:6Ip2Ia3DPgc9PJ6hcQW6Xa,Good Golly Miss Molly,Creedence Clearwater Revival,0.566,0.765,0.0323,0.18,0.0133,0.136,0.969,75.008,9
9109,9156,spotify:track:3mmjD9G2HUUzDbFl3NRDLM,Take A Bow,Rihanna,0.697,0.467,0.0715,0.248,0.0,0.0941,0.572,82.081,9
9113,9160,spotify:track:2dThEJP9S344qzNhePcSzj,I'm Gonna Miss You,Milli Vanilli,0.712,0.27,0.0663,0.132,0.00657,0.0982,0.756,75.645,9
9127,9174,spotify:track:60RmRJm8QwSttdgNQXpjac,Don't Tell Me,Ruel,0.565,0.324,0.0342,0.565,2.17e-05,0.381,0.139,77.495,9
9139,9186,spotify:track:0hb4WhqDKbFV0H17HGy47u,So Yesterday,Hilary Duff,0.562,0.799,0.0561,0.251,0.0,0.305,0.793,78.244,9
9143,9190,spotify:track:7zprGKxSOueSzoB4qjgM4U,United We Stand,Brotherhood of Man,0.443,0.478,0.0266,0.0454,0.0,0.39,0.692,82.148,9
9144,9191,spotify:track:1WYZdl58Vg7Hs19QPJOSWu,Lost Stars,Adam Levine,0.491,0.59,0.0277,0.0986,0.0,0.0792,0.419,82.038,9
9145,9192,spotify:track:4QVOTT9CM2ftSLwnYGNDjd,Stan,"Eminem, Dido",0.781,0.74,0.208,0.0375,2.27e-06,0.449,0.527,80.056,9
9146,9193,spotify:track:2MQ51y5NhCyva4SgWmK2Me,Ghetto Gospel,2Pac,0.794,0.614,0.0467,0.0964,0.0,0.0789,0.663,80.569,9
9148,9195,spotify:track:7pKfPomDEeI4TPT6EOYjn9,Imagine - Remastered 2010,John Lennon,0.547,0.257,0.0252,0.907,0.183,0.0935,0.169,75.752,9
9167,9214,spotify:track:1LaGFtGh2yoBipaCdqJeRU,Build Me Up Buttercup,The Foundations,0.631,0.681,0.028,0.192,0.0,0.308,0.868,66.914,9
9175,9222,spotify:track:6urCAbunOQI4bLhmGpX7iS,Don't Speak,No Doubt,0.52,0.709,0.0352,0.247,1.78e-05,0.18,0.536,76.039,9
9218,9265,spotify:track:2JCY7F0JFw5AgZYeC3CHtS,Hold Up,Beyoncé,0.49,0.401,0.415,0.724,0.0,0.526,0.549,78.672,9
9219,9266,spotify:track:5lz5nAO1HA7nntRU5k0IzH,Somewhere,P.J. Proby,0.225,0.507,0.0371,0.854,3.22e-05,0.0928,0.432,77.65,9
9231,9278,spotify:track:6jQlAObMMtULuYctlVjCLg,No Aphrodisiac - Original,The Whitlams,0.455,0.607,0.039,0.355,8.27e-06,0.119,0.636,74.52,9
9242,9289,spotify:track:669UUGJqllYeW8SoL7lxmB,Sex & Candy,Marcy Playground,0.663,0.549,0.0248,0.246,0.0,0.124,0.655,80.414,9
9317,9364,spotify:track:4gnOpKlv94UlMJem9sU1jd,Stupid Love,Jason Derulo,0.627,0.706,0.047,0.0153,0.0,0.126,0.763,78.019,9
9330,9377,spotify:track:65zmFWDgzNuTlpwnErXJ7j,Aussie As,Matt Scullion,0.454,0.349,0.0272,0.55,2.37e-06,0.139,0.269,76.611,9
9337,9384,spotify:track:3ef0fg5FGImMaZFdUSd3DY,R.I.P. (feat. Tinie Tempah),"Rita Ora, Tinie Tempah",0.603,0.831,0.0479,0.027,0.0,0.652,0.358,72.022,9
9375,9422,spotify:track:34SVMYbQAA41ddkcGPJUvy,Living Doll - 2000 Remastered Version,Cliff Richard & The Drifters,0.552,0.322,0.0597,0.491,0.0,0.0915,0.778,62.693,9
9402,9449,spotify:track:6DCZcSspjsKoFjzjrWoCdn,God's Plan,Drake,0.754,0.449,0.109,0.0332,8.29e-05,0.552,0.357,77.169,9
9423,9470,spotify:track:1OQI6EI4P30fjCpic5Ro0j,Earthquake feat. Tinie Tempah,Labrinth feat. Tinie Tempah,0.567,0.836,0.111,0.139,0.0,0.0894,0.312,76.564,9
9429,9476,spotify:track:3ee8Jmje8o58CHK66QrVC2,SAD!,XXXTENTACION,0.74,0.613,0.145,0.258,0.00372,0.123,0.473,75.023,9
9432,9479,spotify:track:5c1QJAiC3773EwiZLwHf5x,Again,Lenny Kravitz,0.55,0.804,0.0271,0.0148,4.33e-05,0.105,0.789,79.166,9
9470,9517,spotify:track:7bC0ji5zRXieKSMQI9LmED,Thank You,Leona Lewis,0.566,0.393,0.0393,0.801,6.9e-06,0.26,0.21,76.036,9
9486,9534,spotify:track:5Xak5fmy089t0FYmh3VJiY,Black,Pearl Jam,0.36,0.684,0.0308,0.323,0.0,0.34,0.2,77.15,9
9519,9567,spotify:track:3TCauNPqFiniaYHBvEVoHG,Beautiful,Christina Aguilera,0.456,0.573,0.0275,0.578,3.05e-06,0.114,0.0992,76.19,9
9528,9576,spotify:track:55Am8neGJkdj2ADaM3aw5H,Train Wreck,James Arthur,0.311,0.485,0.0365,0.701,0.0,0.0726,0.225,77.355,9
9529,9577,spotify:track:3oUvvUcdQCOEPujLfd805G,Kiss The World Goodbye,Jesse McCartney,0.777,0.647,0.105,0.0584,0.000344,0.0452,0.502,76.074,9
9530,9578,spotify:track:6DSq5IghuzKhH3AYatSb6h,I Don't Know How To Love Him,Helen Reddy,0.284,0.396,0.028,0.699,0.0386,0.129,0.303,79.628,9
9532,9580,spotify:track:3oQBfDHP8C6TLV75Bc1ULr,Oh Carol,Smokie,0.741,0.518,0.0575,0.0392,0.0,0.0407,0.878,82.251,9
9550,9598,spotify:track:45V4Mk7vZV2b9JfSWuUX9m,Graduation (Friends Forever),Vitamin C,0.583,0.637,0.0459,0.00722,0.0419,0.177,0.315,80.004,9
9567,9615,spotify:track:1C0vXECyJHUeqOo2Etvrr2,My Immortal,Evanescence,0.204,0.265,0.0323,0.869,0.0,0.134,0.107,71.157,9
9576,9624,spotify:track:36kM2nOz91EIyzSm3qdrzx,I Remember,Yeasayer,0.384,0.781,0.0446,0.0247,3.22e-05,0.368,0.255,79.882,9
9599,9647,spotify:track:6avxJ3kn6rkPE21X4fyg7q,Don't Dream It's Over,Crowded House,0.457,0.41,0.037,0.0158,2.96e-05,0.0714,0.535,81.016,9
9619,9667,spotify:track:3WdmbQIAPxB6FliVo3DsDC,Rainy Days and Mondays,Dami Im,0.406,0.537,0.0258,0.699,5.18e-05,0.101,0.169,75.91,9
9636,9684,spotify:track:1f44RQK9175FmceEJmDMQq,Do The Bird,Dee Dee Sharp,0.649,0.688,0.0449,0.188,0.0,0.0471,0.945,79.157,9
9649,9697,spotify:track:0a8a8EzWXxSExS9fnTyYb3,Rainy Days And Mondays,Carpenters,0.352,0.235,0.0322,0.85,0.0,0.0688,0.219,74.719,9
9655,9704,spotify:track:6jizk5lOUnfpaZXYMdfeC6,Trumpets,Jason Derulo,0.627,0.703,0.236,0.563,0.0,0.0962,0.64,81.897,9
9676,9725,spotify:track:2Dw5HqiZdbIL3mHq0dWBrL,Image Of A Girl,The Safaris,0.186,0.371,0.0369,0.739,0.0,0.0754,0.365,62.97,9
9723,9773,spotify:track:18asVg1bbkhE0ceWdaypTp,King Of The Mountain - Remastered,Midnight Oil,0.455,0.948,0.0692,0.0307,0.0,0.174,0.76,73.916,9
9759,9809,spotify:track:0PXWpNBYg52gABrn1qL1bD,Unwell - 2007 Remaster,Matchbox Twenty,0.442,0.793,0.0347,0.0456,0.0,0.328,0.437,80.985,9
9799,9849,spotify:track:2e2XwMMNEdERsHLpOg7aEM,Russian Roulette,Rihanna,0.48,0.486,0.0447,0.046,0.0,0.107,0.265,80.051,9
9808,9858,spotify:track:7aMLQavs9eIki5fllOn4sx,Rock On,David Essex,0.708,0.171,0.2,0.922,0.00775,0.755,0.619,75.192,9
9850,9900,spotify:track:6RACRIwdpTVMGQQCVnNQ4d,Hold On To Me,The Black Sorrows,0.367,0.599,0.0283,0.0199,0.0118,0.469,0.515,74.073,9
9856,9906,spotify:track:0nJW01T7XtvILxQgC5J7Wh,When I Was Your Man,Bruno Mars,0.612,0.28,0.0434,0.932,0.0,0.088,0.387,72.795,9
9862,9912,spotify:track:4XFpv5UVipgzpCo3gHcmVC,First Of May,Bee Gees,0.332,0.243,0.0325,0.507,7.7e-06,0.0592,0.227,61.669,9
9863,9913,spotify:track:1TuSAhOzTqoFf7BZxBl6nz,imagine,Ariana Grande,0.727,0.48,0.0434,0.347,0.0,0.108,0.363,62.574,9
9864,9914,spotify:track:11Y3qwzKxzyOrKZx3BgnWD,The World I Used to Know,Jimmie Rodgers,0.388,0.277,0.0464,0.978,0.0007,0.169,0.355,80.824,9
9925,9976,spotify:track:1cnoj3gWltCrWBZ77jZtmj,Back for Good - Radio Mix,Take That,0.569,0.517,0.0333,0.313,0.0,0.145,0.508,78.844,9
9940,9991,spotify:track:3AjSfp5FDvwtMU9XBsbS8j,Push Up - Main Edit,Creeds,0.767,0.83,0.206,0.209,0.836,0.0582,0.187,75.023,9
